  1.959984787644e+08,  1.959984787731e+08,  1.960027166856e+08,   2006 MAR 19 00:00:13.578825,   2006 MAR 19 00:00:13.587506,   2006 MAR 19 01:10:51.500000,  4.174408857101e+03, -1.227781075608e+01,  1.630311734603e+02,  9.498665375235e+01,  5.368611111111e+00,  1.263986850702e+02,  5.040647919900e+00,  2.621269411795e+13,  2.621269411795e+13,  0.000000000000e+00,  0.000000000000e+00,  2.437360908321e+02
  1.959984797644e+08,  1.959984797730e+08,  1.960027176856e+08,   2006 MAR 19 00:00:14.578756,   2006 MAR 19 00:00:14.587447,   2006 MAR 19 01:10:52.500000,  4.169927942873e+03, -1.230516206630e+01,  1.630204641781e+02,  9.498702891261e+01,  5.367777777778e+00,  1.263986729327e+02,  5.040648734135e+00, -2.118499902042e+13, -2.118499902042e+13,  2.513847548767e+12,  2.772448428806e+01,  2.437360908321e+02
  1.959984807643e+08,  1.959984807730e+08,  1.960027186856e+08,   2006 MAR 19 00:00:15.578687,   2006 MAR 19 00:00:15.587389,   2006 MAR 19 01:10:53.500000,  4.165447799080e+03, -1.233257181799e+01,  1.630097302343e+02,  9.498740357922e+01,  5.367222222222e+00,  1.263986607951e+02,  5.040649548372e+00,  8.350728629482e+13,  8.350728629482e+13,  3.367499118597e+13,  6.273346515724e+01,  2.437360908321e+02
  1.959984817642e+08,  1.959984817729e+08,  1.960027196856e+08,   2006 MAR 19 00:00:16.578619,   2006 MAR 19 00:00:16.587330,   2006 MAR 19 01:10:54.500000,  4.160968428855e+03, -1.236004018839e+01,  1.629989715412e+02,  9.498777774513e+01,  5.366388888889e+00,  1.263986486575e+02,  5.040650362610e+00, -8.875510821725e+13, -8.875510821725e+13,  3.105108022476e+13,  2.042180146107e+01,  2.437360908321e+02
  1.959984827641e+08,  1.959984827729e+08,  1.960027206856e+08,   2006 MAR 19 00:00:17.578550,   2006 MAR 19 00:00:17.587271,   2006 MAR 19 01:10:55.500000,  4.156489835897e+03, -1.238756735305e+01,  1.629881880135e+02,  9.498815140164e+01,  5.365833333333e+00,  1.263986365199e+02,  5.040651176850e+00,  1.357741834824e+13,  1.357741834824e+13, -6.537764709744e+12, -7.322836491564e+01,  2.437360908321e+02
  1.959984837641e+08,  1.959984837728e+08,  1.960027216856e+08,   2006 MAR 19 00:00:18.578481,   2006 MAR 19 00:00:18.587212,   2006 MAR 19 01:10:56.500000,  4.152012023125e+03, -1.241515349336e+01,  1.629773795634e+02,  9.498852454016e+01,  5.365000000000e+00,  1.263986243823e+02,  5.040651991091e+00, -8.341923573624e+13, -8.341923573624e+13, -4.145867340375e+13, -1.134444030352e+02,  2.437360908321e+02
  1.959984847640e+08,  1.959984847727e+08,  1.960027226856e+08,   2006 MAR 19 00:00:19.578412,   2006 MAR 19 00:00:19.587153,   2006 MAR 19 01:10:57.500000,  4.147534994706e+03, -1.244279878047e+01,  1.629665460937e+02,  9.498889716379e+01,  5.364444444444e+00,  1.263986122447e+02,  5.040652805334e+00,  7.493995311014e+13,  7.493995311014e+13, -4.569831471680e+13, -1.079273049545e+02,  2.437360908321e+02
  1.959984857639e+08,  1.959984857727e+08,  1.960027236856e+08,   2006 MAR 19 00:00:20.578343,   2006 MAR 19 00:00:20.587094,   2006 MAR 19 01:10:58.500000,  4.143058753949e+03, -1.247050340253e+01,  1.629556875311e+02,  9.498926924796e+01,  5.363611111111e+00,  1.263986001071e+02,  5.040653619579e+00, -1.228747557578e+14, -1.228747557578e+14, -6.966571604065e+13, -1.582524674088e+02,  2.437360908321e+02
  1.959984867639e+08,  1.959984867726e+08,  1.960027246856e+08,   2006 MAR 19 00:00:21.578274,   2006 MAR 19 00:00:21.587036,   2006 MAR 19 01:10:59.500000,  4.138583303995e+03, -1.249826753090e+01,  1.629448037654e+02,  9.498964080735e+01,  5.362777777778e+00,  1.263985879694e+02,  5.040654433825e+00, -2.914478264399e+12, -2.914478264399e+12, -1.325603330518e+14, -2.272204295743e+02,  2.437360908321e+02
  1.959984877638e+08,  1.959984877726e+08,  1.960027256856e+08,   2006 MAR 19 00:00:22.578206,   2006 MAR 19 00:00:22.586977,   2006 MAR 19 01:11:00.500000,  4.134108648450e+03, -1.252609135134e+01,  1.629338947194e+02,  9.499001182118e+01,  5.362222222222e+00,  1.263985758317e+02,  5.040655248073e+00, -2.782402211746e+13, -2.782402211746e+13, -1.479295832427e+14, -2.501960260373e+02,  2.437360908321e+02
  1.959984887637e+08,  1.959984887725e+08,  1.960027266856e+08,   2006 MAR 19 00:00:23.578137,   2006 MAR 19 00:00:23.586918,   2006 MAR 19 01:11:01.500000,  4.129634791170e+03, -1.255397504068e+01,  1.629229602981e+02,  9.499038228783e+01,  5.361388888889e+00,  1.263985636941e+02,  5.040656062322e+00,  2.786452545733e+14, -7.273428320226e+13, -1.982087359026e+14, -3.326090159385e+02,  2.437360908321e+02
  1.959984897637e+08,  1.959984897725e+08,  1.960027276856e+08,   2006 MAR 19 00:00:24.578068,   2006 MAR 19 00:00:24.586859,   2006 MAR 19 01:11:02.500000,  4.125161735602e+03, -1.258191878278e+01,  1.629120004026e+02,  9.499075220684e+01,  5.360833333333e+00,  1.263985515564e+02,  5.040656876573e+00, -1.176445442871e+14, -1.176445442871e+14, -2.933981496472e+14, -4.392927792708e+02,  2.437360908321e+02
  1.959984907636e+08,  1.959984907724e+08,  1.960027286856e+08,   2006 MAR 19 00:00:25.577999,   2006 MAR 19 00:00:25.586800,   2006 MAR 19 01:11:03.500000,  4.120689484890e+03, -1.260992276032e+01,  1.629010149507e+02,  9.499112156224e+01,  5.360000000000e+00,  1.263985394187e+02,  5.040657690826e+00,  3.436618940386e+13,  3.436618940386e+13, -3.350373270888e+14, -3.874883626754e+02,  2.437360908321e+02
  1.959984917635e+08,  1.959984917723e+08,  1.960027296856e+08,   2006 MAR 19 00:00:26.577930,   2006 MAR 19 00:00:26.586741,   2006 MAR 19 01:11:04.500000,  4.116218043094e+03, -1.263798715524e+01,  1.628900038490e+02,  9.499149034870e+01,  5.359444444444e+00,  1.263985272809e+02,  5.040658505080e+00,  3.990457864985e+13,  3.990457864985e+13, -2.979019430620e+14, -2.841900518907e+02,  2.437360908321e+02
  1.959984927635e+08,  1.959984927723e+08,  1.960027306856e+08,   2006 MAR 19 00:00:27.577861,   2006 MAR 19 00:00:27.586683,   2006 MAR 19 01:11:05.500000,  4.111747413678e+03, -1.266611215350e+01,  1.628789669994e+02,  9.499185856342e+01,  5.358611111111e+00,  1.263985151432e+02,  5.040659319335e+00, -1.226282142948e+14, -1.226282142948e+14, -3.392637608844e+14, -2.799746405888e+02,  2.437360908321e+02
  1.959984937634e+08,  1.959984937722e+08,  1.960027316856e+08,   2006 MAR 19 00:00:28.577793,   2006 MAR 19 00:00:28.586624,   2006 MAR 19 01:11:06.500000,  4.107277600085e+03, -1.269429793183e+01,  1.628679043072e+02,  9.499222620341e+01,  5.357777777778e+00,  1.263985030054e+02,  5.040660133592e+00,  1.254722520823e+14,  1.254722520823e+14, -3.378417419907e+14, -2.519755951785e+02,  2.437360908321e+02
  1.959984947633e+08,  1.959984947722e+08,  1.960027326856e+08,   2006 MAR 19 00:00:29.577724,   2006 MAR 19 00:00:29.586565,   2006 MAR 19 01:11:07.500000,  4.102808605925e+03, -1.272254468248e+01,  1.628568156810e+02,  9.499259325728e+01,  5.357222222222e+00,  1.263984908677e+02,  5.040660947851e+00, -9.150229083578e+13, -9.150229083578e+13, -3.208567613674e+14, -2.216953031658e+02,  2.437360908321e+02
  1.959984957632e+08,  1.959984957721e+08,  1.960027336856e+08,   2006 MAR 19 00:00:30.577655,   2006 MAR 19 00:00:30.586506,   2006 MAR 19 01:11:08.500000,  4.098340435256e+03, -1.275085258938e+01,  1.628457010301e+02,  9.499295971536e+01,  5.356388888889e+00,  1.263984787299e+02,  5.040661762112e+00,  1.731957334316e+13,  1.731957334316e+13, -3.579481201137e+14, -1.994684923344e+02,  2.437360908321e+02
  1.959984967632e+08,  1.959984967720e+08,  1.960027346856e+08,   2006 MAR 19 00:00:31.577586,   2006 MAR 19 00:00:31.586447,   2006 MAR 19 01:11:09.500000,  4.093873091375e+03, -1.277922183743e+01,  1.628345602567e+02,  9.499332557416e+01,  5.355833333333e+00,  1.263984665921e+02,  5.040662576374e+00,  1.069639944582e+14,  1.069639944582e+14, -2.958063362130e+14, -7.495916918943e+01,  2.437360908321e+02
  1.959984977631e+08,  1.959984977720e+08,  1.960027356856e+08,   2006 MAR 19 00:00:32.577517,   2006 MAR 19 00:00:32.586388,   2006 MAR 19 01:11:10.500000,  4.089406578060e+03, -1.280765261569e+01,  1.628233932622e+02,  9.499369082912e+01,  5.355000000000e+00,  1.263984544542e+02,  5.040663390637e+00, -8.303181333099e+12, -8.303181333099e+12, -2.464759296505e+14,  4.212986511705e+01,  2.437360908321e+02
  1.959984987630e+08,  1.959984987719e+08,  1.960027366856e+08,   2006 MAR 19 00:00:33.577448,   2006 MAR 19 00:00:33.586330,   2006 MAR 19 01:11:11.500000,  4.084940898718e+03, -1.283614510963e+01,  1.628121999615e+02,  9.499405546432e+01,  5.354166666667e+00,  1.263984423164e+02,  5.040664204903e+00,  1.029400774380e+14,  1.029400774380e+14, -1.991574815980e+14,  1.031655990289e+02,  2.437360908321e+02
  1.959984997630e+08,  1.959984997719e+08,  1.960027376856e+08,   2006 MAR 19 00:00:34.577380,   2006 MAR 19 00:00:34.586271,   2006 MAR 19 01:11:12.500000,  4.080476057669e+03, -1.286469950961e+01,  1.628009802417e+02,  9.499441948747e+01,  5.353611111111e+00,  1.263984301786e+02,  5.040665019169e+00,  4.490585880164e+12,  4.490585880164e+12, -1.454421499389e+14,  7.759123663962e+01,  2.437360908321e+02
  1.959985007629e+08,  1.959985007718e+08,  1.960027386856e+08,   2006 MAR 19 00:00:35.577311,   2006 MAR 19 00:00:35.586212,   2006 MAR 19 01:11:13.500000,  4.076012058410e+03, -1.289331600073e+01,  1.627897340181e+02,  9.499478288183e+01,  5.352777777778e+00,  1.263984180407e+02,  5.040665833438e+00, -1.083816110437e+14, -1.083816110437e+14, -1.973876625207e+14, -9.335947647638e+01,  2.437360908321e+02
  1.959985017628e+08,  1.959985017717e+08,  1.960027396856e+08,   2006 MAR 19 00:00:36.577242,   2006 MAR 19 00:00:36.586153,   2006 MAR 19 01:11:14.500000,  4.071548904327e+03, -1.292199477640e+01,  1.627784611928e+02,  9.499514563983e+01,  5.351944444444e+00,  1.263984059028e+02,  5.040666647708e+00, -2.911836769357e+13, -2.911836769357e+13, -2.661376518894e+14, -2.247313340911e+02,  2.437360908321e+02
  1.959985027628e+08,  1.959985027717e+08,  1.960027406856e+08,   2006 MAR 19 00:00:37.577173,   2006 MAR 19 00:00:37.586094,   2006 MAR 19 01:11:15.500000,  4.067086599581e+03, -1.295073602961e+01,  1.627671616682e+02,  9.499550775352e+01,  5.351388888889e+00,  1.263983937649e+02,  5.040667461979e+00, -1.074218585057e+12, -1.074218585057e+12, -2.812339450287e+14, -1.701157946534e+02,  2.437360908321e+02
  1.959985037627e+08,  1.959985037716e+08,  1.960027416856e+08,   2006 MAR 19 00:00:38.577104,   2006 MAR 19 00:00:38.586035,   2006 MAR 19 01:11:16.500000,  4.062625147955e+03, -1.297953994357e+01,  1.627558353368e+02,  9.499586922708e+01,  5.350555555556e+00,  1.263983816270e+02,  5.040668276253e+00,  9.181927386758e+13,  9.181927386758e+13, -2.358614173874e+14, -2.529004679246e+01,  2.437360908321e+02
  1.959985047626e+08,  1.959985047716e+08,  1.960027426856e+08,   2006 MAR 19 00:00:39.577035,   2006 MAR 19 00:00:39.585977,   2006 MAR 19 01:11:17.500000,  4.058164552861e+03, -1.300840671738e+01,  1.627444821101e+02,  9.499623004151e+01,  5.349722222222e+00,  1.263983694891e+02,  5.040669090527e+00,  4.613856879170e+12,  4.613856879170e+12, -1.876448520140e+14,  9.886005686332e+00,  2.437360908321e+02
  1.959985057626e+08,  1.959985057715e+08,  1.960027436856e+08,   2006 MAR 19 00:00:40.576967,   2006 MAR 19 00:00:40.585918,   2006 MAR 19 01:11:18.500000,  4.053704818402e+03, -1.303733653780e+01,  1.627331018853e+02,  9.499659019499e+01,  5.349166666667e+00,  1.263983573512e+02,  5.040669904804e+00, -8.739032357595e+13, -8.739032357595e+13, -2.290330853624e+14, -8.327390569487e+01,  2.437360908321e+02
  1.959985067625e+08,  1.959985067715e+08,  1.960027446856e+08,   2006 MAR 19 00:00:41.576898,   2006 MAR 19 00:00:41.585859,   2006 MAR 19 01:11:19.500000,  4.049245948489e+03, -1.306632960283e+01,  1.627216945619e+02,  9.499694967946e+01,  5.348333333333e+00,  1.263983452132e+02,  5.040670719082e+00,  5.832478626962e+13,  5.832478626962e+13, -2.435658540156e+14, -1.710831759050e+02,  2.437360908321e+02
  1.959985077624e+08,  1.959985077714e+08,  1.960027456856e+08,   2006 MAR 19 00:00:42.576829,   2006 MAR 19 00:00:42.585800,   2006 MAR 19 01:11:20.500000,  4.044787946910e+03, -1.309538610554e+01,  1.627102600462e+02,  9.499730848204e+01,  5.347500000000e+00,  1.263983330753e+02,  5.040671533362e+00, -1.649541888050e+14, -1.649541888050e+14, -2.968805552833e+14, -2.534731468217e+02,  2.437360908321e+02
  1.959985087624e+08,  1.959985087713e+08,  1.960027466856e+08,   2006 MAR 19 00:00:43.576760,   2006 MAR 19 00:00:43.585741,   2006 MAR 19 01:11:21.500000,  4.040330817345e+03, -1.312450623811e+01,  1.626987982326e+02,  9.499766660087e+01,  5.346944444444e+00,  1.263983209373e+02,  5.040672347643e+00,  6.484934350956e+13,  6.484934350956e+13, -3.469329779310e+14, -2.492120129659e+02,  2.437360908321e+02
  1.959985097623e+08,  1.959985097713e+08,  1.960027476856e+08,   2006 MAR 19 00:00:44.576691,   2006 MAR 19 00:00:44.585682,   2006 MAR 19 01:11:22.500000,  4.035874563913e+03, -1.315369019619e+01,  1.626873090172e+02,  9.499802403104e+01,  5.346111111111e+00,  1.263983087993e+02,  5.040673161926e+00,  2.728691319223e+13,  2.728691319223e+13, -3.008648495801e+14, -1.114711836456e+02,  2.437360908321e+02
  1.959985107622e+08,  1.959985107712e+08,  1.960027486856e+08,   2006 MAR 19 00:00:45.576622,   2006 MAR 19 00:00:45.585624,   2006 MAR 19 01:11:23.500000,  4.031419190328e+03, -1.318293818032e+01,  1.626757923042e+02,  9.499838075816e+01,  5.345277777778e+00,  1.263982966613e+02,  5.040673976210e+00,  4.498510473898e+13,  4.498510473898e+13, -2.647288406145e+14, -2.974906388452e+01,  2.437360908321e+02
  1.959985117621e+08,  1.959985117712e+08,  1.960027496856e+08,   2006 MAR 19 00:00:46.576554,   2006 MAR 19 00:00:46.585565,   2006 MAR 19 01:11:24.500000,  4.026964700500e+03, -1.321225038284e+01,  1.626642479846e+02,  9.499873678269e+01,  5.344722222222e+00,  1.263982845233e+02,  5.040674790497e+00, -4.220270251479e+13, -4.220270251479e+13, -2.633376395024e+14, -6.483330268258e+01,  2.437360908321e+02
  1.959985127621e+08,  1.959985127711e+08,  1.960027506856e+08,   2006 MAR 19 00:00:47.576485,   2006 MAR 19 00:00:47.585506,   2006 MAR 19 01:11:25.500000,  4.022511098569e+03, -1.324162700085e+01,  1.626526759616e+02,  9.499909209187e+01,  5.343888888889e+00,  1.263982723852e+02,  5.040675604784e+00,  7.501920001074e+12,  7.501920001074e+12, -2.806880307592e+14, -1.169999589739e+02,  2.437360908321e+02
  1.959985137620e+08,  1.959985137710e+08,  1.960027516856e+08,   2006 MAR 19 00:00:48.576416,   2006 MAR 19 00:00:48.585447,   2006 MAR 19 01:11:26.500000,  4.018058388370e+03, -1.327106823435e+01,  1.626410761308e+02,  9.499944667866e+01,  5.343055555556e+00,  1.263982602472e+02,  5.040676419074e+00, -2.922402875491e+13, -2.922402875491e+13, -2.915490851361e+14, -1.367610257590e+02,  2.437360908321e+02
  1.959985147619e+08,  1.959985147710e+08,  1.960027526856e+08,   2006 MAR 19 00:00:49.576347,   2006 MAR 19 00:00:49.585388,   2006 MAR 19 01:11:27.500000,  4.013606574156e+03, -1.330057428429e+01,  1.626294483896e+02,  9.499980053381e+01,  5.342222222222e+00,  1.263982481091e+02,  5.040677233365e+00,  1.407930762536e+13,  1.407930762536e+13, -2.991214457009e+14, -1.366404614128e+02,  2.437360908321e+02
  1.959985157619e+08,  1.959985157709e+08,  1.960027536856e+08,   2006 MAR 19 00:00:50.576278,   2006 MAR 19 00:00:50.585329,   2006 MAR 19 01:11:28.500000,  4.009155659500e+03, -1.333014534840e+01,  1.626177926332e+02,  9.500015365092e+01,  5.341666666667e+00,  1.263982359710e+02,  5.040678047658e+00, -2.425796906337e+13, -2.425796906337e+13, -3.042107764199e+14, -1.319907635750e+02,  2.437360908321e+02
  1.959985167618e+08,  1.959985167709e+08,  1.960027546856e+08,   2006 MAR 19 00:00:51.576209,   2006 MAR 19 00:00:51.585270,   2006 MAR 19 01:11:29.500000,  4.004705648346e+03, -1.335978162795e+01,  1.626061087571e+02,  9.500050602182e+01,  5.340833333333e+00,  1.263982238329e+02,  5.040678861952e+00,  1.986423892619e+13,  1.986423892619e+13, -3.064076414885e+14, -7.010020083522e+01,  2.437360908321e+02
  1.959985177617e+08,  1.959985177708e+08,  1.960027556856e+08,   2006 MAR 19 00:00:52.576141,   2006 MAR 19 00:00:52.585212,   2006 MAR 19 01:11:30.500000,  4.000256545461e+03, -1.338948331841e+01,  1.625943966498e+02,  9.500085764642e+01,  5.340000000000e+00,  1.263982116948e+02,  5.040679676248e+00,  1.072105378188e+14,  1.072105378188e+14, -2.428702531160e+14,  7.901234004269e+01,  2.437360908321e+02
  1.959985187617e+08,  1.959985187707e+08,  1.960027566856e+08,   2006 MAR 19 00:00:53.576072,   2006 MAR 19 00:00:53.585153,   2006 MAR 19 01:11:31.500000,  3.995808354229e+03, -1.341925062968e+01,  1.625826562165e+02,  9.500120850411e+01,  5.339444444444e+00,  1.263981995567e+02,  5.040680490546e+00,  4.568070553197e+13,  4.568070553197e+13, -1.664246314406e+14,  1.827558071707e+02,  2.437360908321e+02
  1.959985197616e+08,  1.959985197707e+08,  1.960027576856e+08,   2006 MAR 19 00:00:54.576003,   2006 MAR 19 00:00:54.585094,   2006 MAR 19 01:11:32.500000,  3.991361078620e+03, -1.344908376272e+01,  1.625708873449e+02,  9.500155859319e+01,  5.338611111111e+00,  1.263981874185e+02,  5.040681304845e+00,  3.354731846331e+12,  3.354731846331e+12, -1.419069127515e+14,  1.291692253766e+02,  2.437360908321e+02
  1.959985207615e+08,  1.959985207706e+08,  1.960027586856e+08,   2006 MAR 19 00:00:55.575934,   2006 MAR 19 00:00:55.585035,   2006 MAR 19 01:11:33.500000,  3.986914723421e+03, -1.347898291526e+01,  1.625590899242e+02,  9.500190791117e+01,  5.337777777778e+00,  1.263981752804e+02,  5.040682119146e+00, -6.297386399022e+13, -6.297386399022e+13, -1.717164788234e+14,  7.170505561162e-01,  2.437360908321e+02
  1.959985217615e+08,  1.959985217706e+08,  1.960027596856e+08,   2006 MAR 19 00:00:56.575865,   2006 MAR 19 00:00:56.584976,   2006 MAR 19 01:11:34.500000,  3.982469292055e+03, -1.350894830132e+01,  1.625472638606e+02,  9.500225643440e+01,  5.336944444444e+00,  1.263981631422e+02,  5.040682933448e+00,  4.349704814202e+12,  4.349704814202e+12, -2.010285584114e+14, -2.516015198052e+01,  2.437360908321e+02
  1.959985227614e+08,  1.959985227705e+08,  1.960027606856e+08,   2006 MAR 19 00:00:57.575796,   2006 MAR 19 00:00:57.584917,   2006 MAR 19 01:11:35.500000,  3.978024788754e+03, -1.353898011848e+01,  1.625354090333e+02,  9.500260416917e+01,  5.336111111111e+00,  1.263981510040e+02,  5.040683747753e+00,  8.771611211949e+13,  8.771611211949e+13, -1.549956499446e+14,  4.878985906882e+01,  2.437360908321e+02
  1.959985237613e+08,  1.959985237705e+08,  1.960027616856e+08,   2006 MAR 19 00:00:58.575728,   2006 MAR 19 00:00:58.584858,   2006 MAR 19 01:11:36.500000,  3.973581218318e+03, -1.356907857292e+01,  1.625235253373e+02,  9.500295110407e+01,  5.335555555556e+00,  1.263981388658e+02,  5.040684562058e+00, -6.987703937228e+13, -6.987703937228e+13, -1.460761135710e+14,  6.563710564827e+01,  2.437360908321e+02
  1.959985247613e+08,  1.959985247704e+08,  1.960027626856e+08,   2006 MAR 19 00:00:59.575659,   2006 MAR 19 00:00:59.584800,   2006 MAR 19 01:11:37.500000,  3.969138583927e+03, -1.359924387450e+01,  1.625116126688e+02,  9.500329722492e+01,  5.334722222222e+00,  1.263981267276e+02,  5.040685376366e+00,  7.190220563062e+13,  7.190220563062e+13, -1.450635304418e+14,  8.286318081215e+01,  2.437360908321e+02
  1.959985257612e+08,  1.959985257703e+08,  1.960027636856e+08,   2006 MAR 19 00:01:00.575590,   2006 MAR 19 00:01:00.584741,   2006 MAR 19 01:11:38.500000,  3.964696890425e+03, -1.362947622909e+01,  1.624996709131e+02,  9.500364252884e+01,  5.333888888889e+00,  1.263981145894e+02,  5.040686190675e+00,  4.320648092798e+13,  4.320648092798e+13, -8.750918716252e+13,  2.038384953658e+02,  2.437360908321e+02
  1.959985267611e+08,  1.959985267703e+08,  1.960027646856e+08,   2006 MAR 19 00:01:01.575521,   2006 MAR 19 00:01:01.584682,   2006 MAR 19 01:11:39.500000,  3.960256142045e+03, -1.365977583928e+01,  1.624876999608e+02,  9.500398700873e+01,  5.333055555556e+00,  1.263981024511e+02,  5.040687004986e+00,  1.153640337247e+14,  1.153640337247e+14, -8.223929836174e+12,  3.578545674605e+02,  2.437360908321e+02
  1.959985277610e+08,  1.959985277702e+08,  1.960027656856e+08,   2006 MAR 19 00:01:02.575452,   2006 MAR 19 00:01:02.584623,   2006 MAR 19 01:11:40.500000,  3.955816342447e+03, -1.369014292433e+01,  1.624756997049e+02,  9.500433064930e+01,  5.332222222222e+00,  1.263980903128e+02,  5.040687819298e+00,  7.303805986636e+13,  7.303805986636e+13,  8.597711695936e+13,  4.530637438392e+02,  2.437360908321e+02
  1.959985287610e+08,  1.959985287702e+08,  1.960027666856e+08,   2006 MAR 19 00:01:03.575383,   2006 MAR 19 00:01:03.584564,   2006 MAR 19 01:11:41.500000,  3.951377496373e+03, -1.372057768575e+01,  1.624636700300e+02,  9.500467344881e+01,  5.331666666667e+00,  1.263980781746e+02,  5.040688633613e+00,  3.473600317791e+13,  3.473600317791e+13,  1.398641484815e+14,  4.405895571075e+02,  2.437360908321e+02
  1.959985297609e+08,  1.959985297701e+08,  1.960027676856e+08,   2006 MAR 19 00:01:04.575315,   2006 MAR 19 00:01:04.584505,   2006 MAR 19 01:11:42.500000,  3.946939608185e+03, -1.375108033350e+01,  1.624516108225e+02,  9.500501540055e+01,  5.330833333333e+00,  1.263980660363e+02,  5.040689447928e+00,  4.226433849504e+11,  4.226433849504e+11,  1.574434717629e+14,  3.820264744025e+02,  2.437360908321e+02
  1.959985307608e+08,  1.959985307700e+08,  1.960027686856e+08,   2006 MAR 19 00:01:05.575246,   2006 MAR 19 00:01:05.584446,   2006 MAR 19 01:11:43.500000,  3.942502681461e+03, -1.378165108430e+01,  1.624395219812e+02,  9.500535648387e+01,  5.330000000000e+00,  1.263980538980e+02,  5.040690262246e+00,  5.572729135650e+13,  5.572729135650e+13,  1.855184391336e+14,  4.338521159537e+02,  2.437360908321e+02
  1.959985317608e+08,  1.959985317700e+08,  1.960027696856e+08,   2006 MAR 19 00:01:06.575177,   2006 MAR 19 00:01:06.584388,   2006 MAR 19 01:11:44.500000,  3.938066721141e+03, -1.381229014775e+01,  1.624274033816e+02,  9.500569670174e+01,  5.329166666667e+00,  1.263980417596e+02,  5.040691076565e+00,  1.662925620563e+14,  1.662925620563e+14,  2.965283658400e+14,  5.625133894164e+02,  2.437360908321e+02
  1.959985327607e+08,  1.959985327699e+08,  1.960027706856e+08,   2006 MAR 19 00:01:07.575108,   2006 MAR 19 00:01:07.584329,   2006 MAR 19 01:11:45.500000,  3.933631731432e+03, -1.384299773403e+01,  1.624152549167e+02,  9.500603604026e+01,  5.328333333333e+00,  1.263980296213e+02,  5.040691890886e+00, -5.614112974504e+13, -5.614112974504e+13,  3.516040819956e+14,  5.751923141989e+02,  2.437360908321e+02
  1.959985337606e+08,  1.959985337699e+08,  1.960027716856e+08,   2006 MAR 19 00:01:08.575039,   2006 MAR 19 00:01:08.584270,   2006 MAR 19 01:11:46.500000,  3.929197716389e+03, -1.387377405870e+01,  1.624030764684e+02,  9.500637449385e+01,  5.327500000000e+00,  1.263980174830e+02,  5.040692705208e+00,  9.763942725170e+13,  9.763942725170e+13,  3.723532307490e+14,  5.883408192555e+02,  2.437360908321e+02
  1.959985347606e+08,  1.959985347698e+08,  1.960027726856e+08,   2006 MAR 19 00:01:09.574970,   2006 MAR 19 00:01:09.584211,   2006 MAR 19 01:11:47.500000,  3.924764680954e+03, -1.390461933390e+01,  1.623908679217e+02,  9.500671205483e+01,  5.326666666667e+00,  1.263980053446e+02,  5.040693519533e+00,  1.457679429368e+14,  1.457679429368e+14,  4.940569158432e+14,  7.446456206726e+02,  2.437360908321e+02
  1.959985357605e+08,  1.959985357697e+08,  1.960027736856e+08,   2006 MAR 19 00:01:10.574902,   2006 MAR 19 00:01:10.584152,   2006 MAR 19 01:11:48.500000,  3.920332628624e+03, -1.393553377982e+01,  1.623786291720e+02,  9.500704870277e+01,  5.326111111111e+00,  1.263979932062e+02,  5.040694333858e+00,  7.220157854874e+13,  7.220157854874e+13,  6.030416765860e+14,  8.003421521955e+02,  2.437360908321e+02
  1.959985367604e+08,  1.959985367697e+08,  1.960027746856e+08,   2006 MAR 19 00:01:11.574833,   2006 MAR 19 00:01:11.584093,   2006 MAR 19 01:11:49.500000,  3.915901564905e+03, -1.396651760644e+01,  1.623663600933e+02,  9.500738444028e+01,  5.325277777778e+00,  1.263979810678e+02,  5.040695148186e+00, -6.138014687769e+13, -6.138014687769e+13,  6.084523924215e+14,  6.550272980786e+02,  2.437360908321e+02
  1.959985377604e+08,  1.959985377696e+08,  1.960027756856e+08,   2006 MAR 19 00:01:12.574764,   2006 MAR 19 00:01:12.584034,   2006 MAR 19 01:11:50.500000,  3.911471493198e+03, -1.399757103227e+01,  1.623540605745e+02,  9.500771925285e+01,  5.324444444444e+00,  1.263979689294e+02,  5.040695962515e+00,  3.875111556304e+13,  3.875111556304e+13,  5.971378767642e+14,  4.938353386500e+02,  2.437360908321e+02
  1.959985387603e+08,  1.959985387696e+08,  1.960027766856e+08,   2006 MAR 19 00:01:13.574695,   2006 MAR 19 00:01:13.583976,   2006 MAR 19 01:11:51.500000,  3.907042418621e+03, -1.402869427678e+01,  1.623417304932e+02,  9.500805313573e+01,  5.323611111111e+00,  1.263979567910e+02,  5.040696776846e+00, -9.004945674338e+13, -9.004945674338e+13,  5.714887061740e+14,  3.950231550309e+02,  2.437360908321e+02
  1.959985397602e+08,  1.959985397695e+08,  1.960027776856e+08,   2006 MAR 19 00:01:14.574626,   2006 MAR 19 00:01:14.583917,   2006 MAR 19 01:11:52.500000,  3.902614345360e+03, -1.405988755425e+01,  1.623293697356e+02,  9.500838607772e+01,  5.322777777778e+00,  1.263979446525e+02,  5.040697591178e+00,  6.131851150722e+13,  6.131851150722e+13,  5.571232335559e+14,  3.555051212370e+02,  2.437360908321e+02
  1.959985407602e+08,  1.959985407695e+08,  1.960027786856e+08,   2006 MAR 19 00:01:15.574557,   2006 MAR 19 00:01:15.583858,   2006 MAR 19 01:11:53.500000,  3.898187277679e+03, -1.409115108663e+01,  1.623169781807e+02,  9.500871807124e+01,  5.321944444444e+00,  1.263979325141e+02,  5.040698405513e+00, -5.387822690468e+13, -5.387822690468e+13,  5.608433758572e+14,  4.031757997740e+02,  2.437360908321e+02
  1.959985417601e+08,  1.959985417694e+08,  1.960027796856e+08,   2006 MAR 19 00:01:16.574489,   2006 MAR 19 00:01:16.583799,   2006 MAR 19 01:11:54.500000,  3.893761220740e+03, -1.412248509335e+01,  1.623045557175e+02,  9.500904910027e+01,  5.321111111111e+00,  1.263979203756e+02,  5.040699219849e+00,  1.695064139317e+14,  1.695064139317e+14,  6.186574693707e+14,  6.041876108033e+02,  2.437360908321e+02
  1.959985427600e+08,  1.959985427693e+08,  1.960027806856e+08,   2006 MAR 19 00:01:17.574420,   2006 MAR 19 00:01:17.583740,   2006 MAR 19 01:11:55.500000,  3.889336178380e+03, -1.415388979448e+01,  1.622921022237e+02,  9.500937915816e+01,  5.320277777778e+00,  1.263979082371e+02,  5.040700034186e+00,  1.559730205400e+14,  1.559730205400e+14,  7.813971866065e+14,  8.617693882880e+02,  2.437360908321e+02
  1.959985437599e+08,  1.959985437693e+08,  1.960027816856e+08,   2006 MAR 19 00:01:18.574351,   2006 MAR 19 00:01:18.583681,   2006 MAR 19 01:11:56.500000,  3.884912155183e+03, -1.418536541039e+01,  1.622796175737e+02,  9.500970824126e+01,  5.319444444444e+00,  1.263978960986e+02,  5.040700848526e+00,  5.275998304777e+13,  5.275998304777e+13,  8.857636884004e+14,  9.216062890499e+02,  2.437360908321e+02
  1.959985447599e+08,  1.959985447692e+08,  1.960027826856e+08,   2006 MAR 19 00:01:19.574282,   2006 MAR 19 00:01:19.583622,   2006 MAR 19 01:11:57.500000,  3.880489156527e+03, -1.421691216611e+01,  1.622671016508e+02,  9.501003633552e+01,  5.318611111111e+00,  1.263978839601e+02,  5.040701662867e+00,  5.582414765518e+12,  5.582414765518e+12,  9.149348873071e+14,  8.273075929357e+02,  2.437360908321e+02
  1.959985457598e+08,  1.959985457692e+08,  1.960027836856e+08,   2006 MAR 19 00:01:20.574213,   2006 MAR 19 00:01:20.583563,   2006 MAR 19 01:11:58.500000,  3.876067186299e+03, -1.424853028254e+01,  1.622545543377e+02,  9.501036342868e+01,  5.317777777778e+00,  1.263978718216e+02,  5.040702477209e+00,  7.205189283513e+13,  7.205189283513e+13,  9.537520411074e+14,  8.496594753809e+02,  2.437360908321e+02
  1.959985467597e+08,  1.959985467691e+08,  1.960027846856e+08,   2006 MAR 19 00:01:21.574144,   2006 MAR 19 00:01:21.583505,   2006 MAR 19 01:11:59.500000,  3.871646248589e+03, -1.428021998445e+01,  1.622419755036e+02,  9.501068951893e+01,  5.317222222222e+00,  1.263978596830e+02,  5.040703291554e+00,  1.737504585471e+14,  1.737504585471e+14,  1.076653216798e+15,  1.021882882712e+03,  2.437360908321e+02
  1.959985477597e+08,  1.959985477690e+08,  1.960027856856e+08,   2006 MAR 19 00:01:22.574076,   2006 MAR 19 00:01:22.583446,   2006 MAR 19 01:12:00.500000,  3.867226349394e+03, -1.431198149749e+01,  1.622293650399e+02,  9.501101458396e+01,  5.316388888889e+00,  1.263978475445e+02,  5.040704105900e+00,  7.369844114079e+13,  7.369844114079e+13,  1.200377666642e+15,  1.118223655697e+03,  2.437360908321e+02
  1.959985487596e+08,  1.959985487690e+08,  1.960027866856e+08,   2006 MAR 19 00:01:23.574007,   2006 MAR 19 00:01:23.583387,   2006 MAR 19 01:12:01.500000,  3.862807492688e+03, -1.434381504294e+01,  1.622167228023e+02,  9.501133863457e+01,  5.315555555556e+00,  1.263978354059e+02,  5.040704920248e+00,  3.131963623866e+13,  3.131963623866e+13,  1.252886705332e+15,  1.024215911877e+03,  2.437360908321e+02
  1.959985497595e+08,  1.959985497689e+08,  1.960027876856e+08,   2006 MAR 19 00:01:24.573938,   2006 MAR 19 00:01:24.583328,   2006 MAR 19 01:12:02.500000,  3.858389682649e+03, -1.437572085197e+01,  1.622040486938e+02,  9.501166163522e+01,  5.314722222222e+00,  1.263978232673e+02,  5.040705734597e+00, -3.512342677590e+13, -3.512342677590e+13,  1.250984810064e+15,  8.819777335399e+02,  2.437360908321e+02
  1.959985507595e+08,  1.959985507689e+08,  1.960027886856e+08,   2006 MAR 19 00:01:25.573869,   2006 MAR 19 00:01:25.583269,   2006 MAR 19 01:12:03.500000,  3.853972925014e+03, -1.440769914945e+01,  1.621913425712e+02,  9.501198359390e+01,  5.313888888889e+00,  1.263978111287e+02,  5.040706548948e+00,  7.054622600241e+13,  7.054622600241e+13,  1.268696209677e+15,  8.567975263304e+02,  2.437360908321e+02
  1.959985517594e+08,  1.959985517688e+08,  1.960027896856e+08,   2006 MAR 19 00:01:26.573800,   2006 MAR 19 00:01:26.583210,   2006 MAR 19 01:12:04.500000,  3.849557223364e+03, -1.443975016577e+01,  1.621786043160e+02,  9.501230449406e+01,  5.313055555556e+00,  1.263977989901e+02,  5.040707363301e+00,  5.452980253808e+13,  5.452980253808e+13,  1.331234223947e+15,  8.666992975751e+02,  2.437360908321e+02
  1.959985527593e+08,  1.959985527687e+08,  1.960027906856e+08,   2006 MAR 19 00:01:27.573731,   2006 MAR 19 00:01:27.583151,   2006 MAR 19 01:12:05.500000,  3.845142583011e+03, -1.447187412320e+01,  1.621658337970e+02,  9.501262433297e+01,  5.312222222222e+00,  1.263977868514e+02,  5.040708177656e+00, -7.274749376404e+13, -7.274749376404e+13,  1.322125378334e+15,  7.545992969747e+02,  2.437360908321e+02
  1.959985537593e+08,  1.959985537687e+08,  1.960027916856e+08,   2006 MAR 19 00:01:28.573663,   2006 MAR 19 00:01:28.583092,   2006 MAR 19 01:12:06.500000,  3.840729008928e+03, -1.450407126191e+01,  1.621530309032e+02,  9.501294308308e+01,  5.311388888889e+00,  1.263977747128e+02,  5.040708992012e+00, -2.315733584275e+12, -2.315733584275e+12,  1.284593764660e+15,  6.458900048771e+02,  2.437360908321e+02
  1.959985547592e+08,  1.959985547686e+08,  1.960027926856e+08,   2006 MAR 19 00:01:29.573594,   2006 MAR 19 00:01:29.583034,   2006 MAR 19 01:12:07.500000,  3.836316505590e+03, -1.453634180573e+01,  1.621401954891e+02,  9.501326075345e+01,  5.310555555556e+00,  1.263977625741e+02,  5.040709806370e+00,  4.088194311519e+13,  4.088194311519e+13,  1.303876869425e+15,  6.541665094394e+02,  2.437360908321e+02
  1.959985557591e+08,  1.959985557686e+08,  1.960027936856e+08,   2006 MAR 19 00:01:30.573525,   2006 MAR 19 00:01:30.582975,   2006 MAR 19 01:12:08.500000,  3.831905077852e+03, -1.456868598701e+01,  1.621273274410e+02,  9.501357732094e+01,  5.309722222222e+00,  1.263977504354e+02,  5.040710620730e+00, -1.357741898075e+13, -1.357741898075e+13,  1.317529131493e+15,  6.852152552011e+02,  2.437360908321e+02
  1.959985567591e+08,  1.959985567685e+08,  1.960027946856e+08,   2006 MAR 19 00:01:31.573456,   2006 MAR 19 00:01:31.582916,   2006 MAR 19 01:12:09.500000,  3.827494730452e+03, -1.460110403628e+01,  1.621144266190e+02,  9.501389278638e+01,  5.308888888889e+00,  1.263977382967e+02,  5.040711435091e+00,  6.641664814765e+13,  6.641664814765e+13,  1.343948746076e+15,  7.134843474036e+02,  2.437360908321e+02
  1.959985577590e+08,  1.959985577685e+08,  1.960027956856e+08,   2006 MAR 19 00:01:32.573387,   2006 MAR 19 00:01:32.582857,   2006 MAR 19 01:12:10.500000,  3.823085468550e+03, -1.463359619069e+01,  1.621014929101e+02,  9.501420712357e+01,  5.307777777778e+00,  1.263977261580e+02,  5.040712249455e+00,  6.339650894845e+12,  6.339650894845e+12,  1.380326895597e+15,  7.455846510928e+02,  2.437360908321e+02
  1.959985587589e+08,  1.959985587684e+08,  1.960027966856e+08,   2006 MAR 19 00:01:33.573318,   2006 MAR 19 00:01:33.582798,   2006 MAR 19 01:12:11.500000,  3.818677297101e+03, -1.466616268028e+01,  1.620885261711e+02,  9.501452033583e+01,  5.306944444444e+00,  1.263977140193e+02,  5.040713063820e+00,  5.192350187953e+13,  5.192350187953e+13,  1.409458471984e+15,  7.908285076855e+02,  2.437360908321e+02
  1.959985597588e+08,  1.959985597683e+08,  1.960027976856e+08,   2006 MAR 19 00:01:34.573250,   2006 MAR 19 00:01:34.582739,   2006 MAR 19 01:12:12.500000,  3.814270220248e+03, -1.469880374521e+01,  1.620755262765e+02,  9.501483240649e+01,  5.306111111111e+00,  1.263977018805e+02,  5.040713878186e+00,  8.306703698112e+13,  8.306703698112e+13,  1.476953741415e+15,  8.718031517924e+02,  2.437360908321e+02
  1.959985607588e+08,  1.959985607683e+08,  1.960027986856e+08,   2006 MAR 19 00:01:35.573181,   2006 MAR 19 00:01:35.582680,   2006 MAR 19 01:12:13.500000,  3.809864243511e+03, -1.473151961535e+01,  1.620624930938e+02,  9.501514332825e+01,  5.305277777778e+00,  1.263976897418e+02,  5.040714692555e+00,  4.296874504496e+13,  4.296874504496e+13,  1.539971632428e+15,  9.555987725539e+02,  2.437360908321e+02
  1.959985617587e+08,  1.959985617682e+08,  1.960027996856e+08,   2006 MAR 19 00:01:36.573112,   2006 MAR 19 00:01:36.582621,   2006 MAR 19 01:12:14.500000,  3.805459371702e+03, -1.476431053216e+01,  1.620494264940e+02,  9.501545308637e+01,  5.304444444444e+00,  1.263976776030e+02,  5.040715506925e+00,  1.173187621693e+14,  1.173187621693e+14,  1.620115386035e+15,  1.050696579764e+03,  2.437360908321e+02
  1.959985627586e+08,  1.959985627682e+08,  1.960028006856e+08,   2006 MAR 19 00:01:37.573043,   2006 MAR 19 00:01:37.582563,   2006 MAR 19 01:12:15.500000,  3.801055609782e+03, -1.479717673038e+01,  1.620363263456e+02,  9.501576167041e+01,  5.303611111111e+00,  1.263976654642e+02,  5.040716321296e+00,  8.202803881300e+13,  8.202803881300e+13,  1.719788786526e+15,  1.109021478774e+03,  2.437360908321e+02
  1.959985637586e+08,  1.959985637681e+08,  1.960028016856e+08,   2006 MAR 19 00:01:38.572974,   2006 MAR 19 00:01:38.582504,   2006 MAR 19 01:12:16.500000,  3.796652962702e+03, -1.483011844937e+01,  1.620231925146e+02,  9.501606907003e+01,  5.302777777778e+00,  1.263976533254e+02,  5.040717135670e+00, -2.932088551323e+12, -2.932088551323e+12,  1.759336761657e+15,  1.026599770929e+03,  2.437360908321e+02
  1.959985647585e+08,  1.959985647680e+08,  1.960028026856e+08,   2006 MAR 19 00:01:39.572906,   2006 MAR 19 00:01:39.582445,   2006 MAR 19 01:12:17.500000,  3.792251435409e+03, -1.486313592382e+01,  1.620100248570e+02,  9.501637528511e+01,  5.301944444444e+00,  1.263976411866e+02,  5.040717950045e+00, -2.384413153949e+13, -2.384413153949e+13,  1.745948651611e+15,  8.959552351370e+02,  2.437360908321e+02
  1.959985657584e+08,  1.959985657680e+08,  1.960028036856e+08,   2006 MAR 19 00:01:40.572837,   2006 MAR 19 00:01:40.582386,   2006 MAR 19 01:12:18.500000,  3.787851033270e+03, -1.489622940149e+01,  1.619968232545e+02,  9.501668028750e+01,  5.301111111111e+00,  1.263976290478e+02,  5.040718764422e+00,  5.049708067838e+13,  5.049708067838e+13,  1.759275126181e+15,  8.918235086700e+02,  2.437360908321e+02
  1.959985667584e+08,  1.959985667679e+08,  1.960028046856e+08,   2006 MAR 19 00:01:41.572768,   2006 MAR 19 00:01:41.582327,   2006 MAR 19 01:12:19.500000,  3.783451760919e+03, -1.492939911975e+01,  1.619835875701e+02,  9.501698406906e+01,  5.300277777778e+00,  1.263976169089e+02,  5.040719578801e+00,  8.158778551040e+13,  8.158778551040e+13,  1.825317559275e+15,  9.744358097364e+02,  2.437360908321e+02
  1.959985677583e+08,  1.959985677679e+08,  1.960028056856e+08,   2006 MAR 19 00:01:42.572699,   2006 MAR 19 00:01:42.582268,   2006 MAR 19 01:12:20.500000,  3.779053623937e+03, -1.496264531925e+01,  1.619703176565e+02,  9.501728662934e+01,  5.299444444444e+00,  1.263976047701e+02,  5.040720393182e+00,  1.181640494641e+13,  1.181640494641e+13,  1.872019654504e+15,  1.010323505393e+03,  2.437360908321e+02
  1.959985687582e+08,  1.959985687678e+08,  1.960028066856e+08,   2006 MAR 19 00:01:43.572630,   2006 MAR 19 00:01:43.582209,   2006 MAR 19 01:12:21.500000,  3.774656626961e+03, -1.499596824766e+01,  1.619570133924e+02,  9.501758794169e+01,  5.298333333333e+00,  1.263975926312e+02,  5.040721207564e+00,  7.012358350315e+13,  7.012358350315e+13,  1.912989648728e+15,  1.036554021864e+03,  2.437360908321e+02
  1.959985697582e+08,  1.959985697677e+08,  1.960028076856e+08,   2006 MAR 19 00:01:44.572561,   2006 MAR 19 00:01:44.582150,   2006 MAR 19 01:12:22.500000,  3.770260775208e+03, -1.502936814009e+01,  1.619436746282e+02,  9.501788800887e+01,  5.297500000000e+00,  1.263975804923e+02,  5.040722021948e+00,  7.637518379531e+13,  7.637518379531e+13,  1.986239032378e+15,  1.083144298481e+03,  2.437360908321e+02
  1.959985707581e+08,  1.959985707677e+08,  1.960028086856e+08,   2006 MAR 19 00:01:45.572493,   2006 MAR 19 00:01:45.582091,   2006 MAR 19 01:12:23.500000,  3.765866074060e+03, -1.506284524981e+01,  1.619303012295e+02,  9.501818681319e+01,  5.296666666667e+00,  1.263975683534e+02,  5.040722836333e+00,  8.954756972098e+12,  8.954756972098e+12,  2.028904002761e+15,  1.082548987676e+03,  2.437360908321e+02
  1.959985717580e+08,  1.959985717676e+08,  1.960028096856e+08,   2006 MAR 19 00:01:46.572424,   2006 MAR 19 00:01:46.582033,   2006 MAR 19 01:12:24.500000,  3.761472528390e+03, -1.509639981760e+01,  1.619168930656e+02,  9.501848433756e+01,  5.295833333333e+00,  1.263975562145e+02,  5.040723650721e+00,  6.403927974967e+13,  6.403927974967e+13,  2.065401021122e+15,  1.130327502975e+03,  2.437360908321e+02
  1.959985727579e+08,  1.959985727676e+08,  1.960028106856e+08,   2006 MAR 19 00:01:47.572355,   2006 MAR 19 00:01:47.581974,   2006 MAR 19 01:12:25.500000,  3.757080143615e+03, -1.513003209109e+01,  1.619034499887e+02,  9.501878057747e+01,  5.295000000000e+00,  1.263975440756e+02,  5.040724465110e+00,  1.727290735277e+14,  1.727290735277e+14,  2.183785197761e+15,  1.294740708561e+03,  2.437360908321e+02
  1.959985737579e+08,  1.959985737675e+08,  1.960028116856e+08,   2006 MAR 19 00:01:48.572286,   2006 MAR 19 00:01:48.581915,   2006 MAR 19 01:12:26.500000,  3.752688924988e+03, -1.516374231660e+01,  1.618899718566e+02,  9.501907552339e+01,  5.294166666667e+00,  1.263975319366e+02,  5.040725279501e+00,  5.888831343183e+13,  5.888831343183e+13,  2.299593891241e+15,  1.401819706145e+03,  2.437360908321e+02
  1.959985747578e+08,  1.959985747675e+08,  1.960028126856e+08,   2006 MAR 19 00:01:49.572217,   2006 MAR 19 00:01:49.581856,   2006 MAR 19 01:12:27.500000,  3.748298877741e+03, -1.519753074341e+01,  1.618764585384e+02,  9.501936915416e+01,  5.293333333333e+00,  1.263975197976e+02,  5.040726093894e+00,  7.709719987835e+13,  7.709719987835e+13,  2.367586647896e+15,  1.365857605937e+03,  2.437360908321e+02
  1.959985757577e+08,  1.959985757674e+08,  1.960028136856e+08,   2006 MAR 19 00:01:50.572148,   2006 MAR 19 00:01:50.581797,   2006 MAR 19 01:12:28.500000,  3.743910006719e+03, -1.523139762151e+01,  1.618629098793e+02,  9.501966146938e+01,  5.292222222222e+00,  1.263975076587e+02,  5.040726908288e+00, -3.125800134401e+12, -3.125800134401e+12,  2.404572347768e+15,  1.232963699660e+03,  2.437360908321e+02
  1.959985767577e+08,  1.959985767673e+08,  1.960028146856e+08,   2006 MAR 19 00:01:51.572080,   2006 MAR 19 00:01:51.581738,   2006 MAR 19 01:12:29.500000,  3.739522317795e+03, -1.526534319787e+01,  1.618493257448e+02,  9.501995245104e+01,  5.291388888889e+00,  1.263974955197e+02,  5.040727722684e+00, -5.135997802064e+13, -5.135997802064e+13,  2.377329458690e+15,  1.020150041959e+03,  2.437360908321e+02
  1.959985777576e+08,  1.959985777673e+08,  1.960028156856e+08,   2006 MAR 19 00:01:52.572011,   2006 MAR 19 00:01:52.581679,   2006 MAR 19 01:12:30.500000,  3.735135816054e+03, -1.529936772680e+01,  1.618357059929e+02,  9.502024208496e+01,  5.290555555556e+00,  1.263974833807e+02,  5.040728537082e+00, -7.956261987582e+13, -7.956261987582e+13,  2.311868159742e+15,  8.267899967722e+02,  2.437360908321e+02
  1.959985787575e+08,  1.959985787672e+08,  1.960028166856e+08,   2006 MAR 19 00:01:53.571942,   2006 MAR 19 00:01:53.581620,   2006 MAR 19 01:12:31.500000,  3.730750506885e+03, -1.533347146109e+01,  1.618220504842e+02,  9.502053035438e+01,  5.289722222222e+00,  1.263974712416e+02,  5.040729351482e+00,  7.457894985025e+12,  7.457894985025e+12,  2.275815797297e+15,  7.857189154239e+02,  2.437360908321e+02
  1.959985797575e+08,  1.959985797672e+08,  1.960028176856e+08,   2006 MAR 19 00:01:54.571873,   2006 MAR 19 00:01:54.581561,   2006 MAR 19 01:12:32.500000,  3.726366395589e+03, -1.536765464712e+01,  1.618083590612e+02,  9.502081726112e+01,  5.288888888889e+00,  1.263974591026e+02,  5.040730165883e+00,  4.008068240491e+13,  4.008068240491e+13,  2.299585085992e+15,  8.607542677766e+02,  2.437360908321e+02
  1.959985807574e+08,  1.959985807671e+08,  1.960028186856e+08,   2006 MAR 19 00:01:55.571804,   2006 MAR 19 00:01:55.581503,   2006 MAR 19 01:12:33.500000,  3.721983487366e+03, -1.540191754289e+01,  1.617946315834e+02,  9.502110278664e+01,  5.287777777778e+00,  1.263974469635e+02,  5.040730980287e+00,  1.584912750050e+13,  1.584912750050e+13,  2.327549990944e+15,  9.455832422819e+02,  2.437360908321e+02
  1.959985817573e+08,  1.959985817670e+08,  1.960028196856e+08,   2006 MAR 19 00:01:56.571735,   2006 MAR 19 00:01:56.581444,   2006 MAR 19 01:12:34.500000,  3.717601788099e+03, -1.543626040297e+01,  1.617808679095e+02,  9.502138691429e+01,  5.286944444444e+00,  1.263974348245e+02,  5.040731794692e+00,  9.004945948243e+13,  9.004945948243e+13,  2.380499284436e+15,  1.090049542196e+03,  2.437360908321e+02
  1.959985827573e+08,  1.959985827670e+08,  1.960028206856e+08,   2006 MAR 19 00:01:57.571667,   2006 MAR 19 00:01:57.581385,   2006 MAR 19 01:12:35.500000,  3.713221303194e+03, -1.547068348308e+01,  1.617670678886e+02,  9.502166963485e+01,  5.286111111111e+00,  1.263974226854e+02,  5.040732609098e+00,  1.682737089521e+14,  1.682737089521e+14,  2.509660868653e+15,  1.284239204864e+03,  2.437360908321e+02
  1.959985837572e+08,  1.959985837669e+08,  1.960028216856e+08,   2006 MAR 19 00:01:58.571598,   2006 MAR 19 00:01:58.581326,   2006 MAR 19 01:12:36.500000,  3.708842037512e+03, -1.550518704316e+01,  1.617532313755e+02,  9.502195093216e+01,  5.285277777778e+00,  1.263974105463e+02,  5.040733423507e+00,  2.314853127328e+13,  2.314853127328e+13,  2.605371988766e+15,  1.343418289130e+03,  2.437360908321e+02
  1.959985847571e+08,  1.959985847669e+08,  1.960028226856e+08,   2006 MAR 19 00:01:59.571529,   2006 MAR 19 00:01:59.581267,   2006 MAR 19 01:12:37.500000,  3.704463997375e+03, -1.553977133406e+01,  1.617393582196e+02,  9.502223079772e+01,  5.284166666667e+00,  1.263973984072e+02,  5.040734237917e+00,  4.774989927308e+13,  4.774989927308e+13,  2.640821204039e+15,  1.249870466785e+03,  2.437360908321e+02
  1.959985857571e+08,  1.959985857668e+08,  1.960028236856e+08,   2006 MAR 19 00:02:00.571460,   2006 MAR 19 00:02:00.581208,   2006 MAR 19 01:12:38.500000,  3.700087187833e+03, -1.557443661821e+01,  1.617254482704e+02,  9.502250921835e+01,  5.283333333333e+00,  1.263973862680e+02,  5.040735052329e+00, -2.776238844193e+13, -2.776238844193e+13,  2.650814959455e+15,  1.067214293425e+03,  2.437360908321e+02
  1.959985867570e+08,  1.959985867667e+08,  1.960028246856e+08,   2006 MAR 19 00:02:01.571391,   2006 MAR 19 00:02:01.581149,   2006 MAR 19 01:12:39.500000,  3.695711614536e+03, -1.560918315011e+01,  1.617115013787e+02,  9.502278618187e+01,  5.282500000000e+00,  1.263973741289e+02,  5.040735866743e+00, -1.248470999090e+14, -1.248470999090e+14,  2.574510215279e+15,  8.105801976254e+02,  2.437360908321e+02
  1.959985877569e+08,  1.959985877667e+08,  1.960028256856e+08,   2006 MAR 19 00:02:02.571322,   2006 MAR 19 00:02:02.581090,   2006 MAR 19 01:12:40.500000,  3.691337283227e+03, -1.564401119813e+01,  1.616975173928e+02,  9.502306167310e+01,  5.281388888889e+00,  1.263973619897e+02,  5.040736681159e+00, -2.443495219813e+14, -5.184425728453e+13,  2.486164536682e+15,  6.501270912536e+02,  2.437360908321e+02
  1.959985887568e+08,  1.959985887666e+08,  1.960028266856e+08,   2006 MAR 19 00:02:03.571254,   2006 MAR 19 00:02:03.581031,   2006 MAR 19 01:12:41.500000,  3.686964198884e+03, -1.567892101678e+01,  1.616834961626e+02,  9.502333567982e+01,  5.280555555556e+00,  1.263973498506e+02,  5.040737495576e+00,  2.115858533991e+13,  2.115858533991e+13,  2.470821700710e+15,  6.308380356607e+02,  2.437360908321e+02
  1.959985897568e+08,  1.959985897666e+08,  1.960028276856e+08,   2006 MAR 19 00:02:04.571185,   2006 MAR 19 00:02:04.580972,   2006 MAR 19 01:12:42.500000,  3.682592367913e+03, -1.571391287110e+01,  1.616694375368e+02,  9.502360818652e+01,  5.279722222222e+00,  1.263973377114e+02,  5.040738309995e+00, -1.087514305993e+14, -1.087514305993e+14,  2.427025278080e+15,  5.660226074327e+02,  2.437360908321e+02
  1.959985907567e+08,  1.959985907665e+08,  1.960028286856e+08,   2006 MAR 19 00:02:05.571116,   2006 MAR 19 00:02:05.580913,   2006 MAR 19 01:12:43.500000,  3.678221795748e+03, -1.574898702771e+01,  1.616553413604e+02,  9.502387918024e+01,  5.278611111111e+00,  1.263973255722e+02,  5.040739124416e+00, -3.294857530660e+13, -3.294857530660e+13,  2.356175275127e+15,  4.410548005589e+02,  2.437360908321e+02
  1.959985917566e+08,  1.959985917664e+08,  1.960028296856e+08,   2006 MAR 19 00:02:06.571047,   2006 MAR 19 00:02:06.580855,   2006 MAR 19 01:12:44.500000,  3.673852487547e+03, -1.578414374464e+01,  1.616412074796e+02,  9.502414864923e+01,  5.277777777778e+00,  1.263973134329e+02,  5.040739938839e+00, -9.883692092380e+13, -9.883692092380e+13,  2.290282527012e+15,  3.268946468949e+02,  2.437360908321e+02
  1.959985927566e+08,  1.959985927664e+08,  1.960028306856e+08,   2006 MAR 19 00:02:07.570978,   2006 MAR 19 00:02:07.580796,   2006 MAR 19 01:12:45.500000,  3.669484449554e+03, -1.581938328950e+01,  1.616270357386e+02,  9.502441657973e+01,  5.276944444444e+00,  1.263973012937e+02,  5.040740753264e+00, -7.588210112877e+13, -7.588210112877e+13,  2.202923015986e+15,  2.364371460345e+02,  2.437360908321e+02
  1.959985937565e+08,  1.959985937663e+08,  1.960028316856e+08,   2006 MAR 19 00:02:08.570909,   2006 MAR 19 00:02:08.580737,   2006 MAR 19 01:12:46.500000,  3.665117687431e+03, -1.585470593052e+01,  1.616128259801e+02,  9.502468295847e+01,  5.275833333333e+00,  1.263972891545e+02,  5.040741567690e+00, -3.848696499039e+13, -3.848696499039e+13,  2.145738482926e+15,  2.307424477207e+02,  2.437360908321e+02
  1.959985947564e+08,  1.959985947663e+08,  1.960028326856e+08,   2006 MAR 19 00:02:09.570841,   2006 MAR 19 00:02:09.580678,   2006 MAR 19 01:12:47.500000,  3.660752207027e+03, -1.589011192990e+01,  1.615985780486e+02,  9.502494777252e+01,  5.275000000000e+00,  1.263972770152e+02,  5.040742382118e+00,  5.309457768698e+12,  5.309457768698e+12,  2.129149729315e+15,  2.621473281088e+02,  2.437360908321e+02
  1.959985957564e+08,  1.959985957662e+08,  1.960028336856e+08,   2006 MAR 19 00:02:10.570772,   2006 MAR 19 00:02:10.580619,   2006 MAR 19 01:12:48.500000,  3.656388014140e+03, -1.592560155953e+01,  1.615842917866e+02,  9.502521100638e+01,  5.274166666667e+00,  1.263972648759e+02,  5.040743196548e+00, -1.013815867255e+14, -1.013815867255e+14,  2.081113664837e+15,  2.407629436435e+02,  2.437360908321e+02
  1.959985967563e+08,  1.959985967662e+08,  1.960028346856e+08,   2006 MAR 19 00:02:11.570703,   2006 MAR 19 00:02:11.580560,   2006 MAR 19 01:12:49.500000,  3.652025114089e+03, -1.596117508881e+01,  1.615699670318e+02,  9.502547264953e+01,  5.273055555556e+00,  1.263972527366e+02,  5.040744010979e+00,  2.804415094405e+13,  2.804415094405e+13,  2.044444946946e+15,  2.538057657647e+02,  2.437360908321e+02
  1.959985977562e+08,  1.959985977661e+08,  1.960028356856e+08,   2006 MAR 19 00:02:12.570634,   2006 MAR 19 00:02:12.580501,   2006 MAR 19 01:12:50.500000,  3.647663513131e+03, -1.599683278597e+01,  1.615556036365e+02,  9.502573267798e+01,  5.272222222222e+00,  1.263972405973e+02,  5.040744825413e+00, -5.776126541114e+12, -5.776126541114e+12,  2.055578959148e+15,  3.685506342539e+02,  2.437360908321e+02
  1.959985987562e+08,  1.959985987660e+08,  1.960028366856e+08,   2006 MAR 19 00:02:13.570565,   2006 MAR 19 00:02:13.580442,   2006 MAR 19 01:12:51.500000,  3.643303217177e+03, -1.603257492278e+01,  1.615412014284e+02,  9.502599108814e+01,  5.271388888889e+00,  1.263972284580e+02,  5.040745639848e+00,  9.088594238340e+13,  9.088594238340e+13,  2.098133867069e+15,  5.595448509507e+02,  2.437360908321e+02
  1.959985997561e+08,  1.959985997660e+08,  1.960028376856e+08,   2006 MAR 19 00:02:14.570496,   2006 MAR 19 00:02:14.580383,   2006 MAR 19 01:12:52.500000,  3.638944232006e+03, -1.606840176973e+01,  1.615267602453e+02,  9.502624786743e+01,  5.270277777778e+00,  1.263972163187e+02,  5.040746454285e+00,  1.139992537248e+14,  1.139992537248e+14,  2.200576465123e+15,  7.385824240416e+02,  2.437360908321e+02
  1.959986007560e+08,  1.959986007659e+08,  1.960028386856e+08,   2006 MAR 19 00:02:15.570428,   2006 MAR 19 00:02:15.580324,   2006 MAR 19 01:12:53.500000,  3.634586563755e+03, -1.610431359853e+01,  1.615122799391e+02,  9.502650298938e+01,  5.269444444444e+00,  1.263972041793e+02,  5.040747268724e+00, -8.549723909191e+12, -8.549723909191e+12,  2.253301230031e+15,  7.771408754134e+02,  2.437360908321e+02
  1.959986017560e+08,  1.959986017659e+08,  1.960028396856e+08,   2006 MAR 19 00:02:16.570359,   2006 MAR 19 00:02:16.580265,   2006 MAR 19 01:12:54.500000,  3.630230218017e+03, -1.614031069067e+01,  1.614977603304e+02,  9.502675645179e+01,  5.268333333333e+00,  1.263971920399e+02,  5.040748083165e+00,  4.579517413625e+13,  4.579517413625e+13,  2.271923955144e+15,  7.904015209898e+02,  2.437360908321e+02
  1.959986027559e+08,  1.959986027658e+08,  1.960028406856e+08,   2006 MAR 19 00:02:17.570290,   2006 MAR 19 00:02:17.580207,   2006 MAR 19 01:12:55.500000,  3.625875200961e+03, -1.617639331131e+01,  1.614832012639e+02,  9.502700823578e+01,  5.267500000000e+00,  1.263971799005e+02,  5.040748897607e+00,  1.305792026477e+14,  1.305792026477e+14,  2.360111143536e+15,  8.779720832631e+02,  2.437360908321e+02
  1.959986037558e+08,  1.959986037657e+08,  1.960028416856e+08,   2006 MAR 19 00:02:18.570221,   2006 MAR 19 00:02:18.580148,   2006 MAR 19 01:12:56.500000,  3.621521518883e+03, -1.621256174243e+01,  1.614686025749e+02,  9.502725832479e+01,  5.266388888889e+00,  1.263971677611e+02,  5.040749712051e+00, -4.157754520436e+13, -4.157754520436e+13,  2.404611972258e+15,  8.931044083046e+02,  2.437360908321e+02
  1.959986047557e+08,  1.959986047657e+08,  1.960028426856e+08,   2006 MAR 19 00:02:19.570152,   2006 MAR 19 00:02:19.580089,   2006 MAR 19 01:12:57.500000,  3.617169177159e+03, -1.624881626284e+01,  1.614539640930e+02,  9.502750670754e+01,  5.265555555556e+00,  1.263971556217e+02,  5.040750526497e+00,  7.841796227877e+13,  7.841796227877e+13,  2.423032180795e+15,  8.329911485459e+02,  2.437360908321e+02
  1.959986057557e+08,  1.959986057656e+08,  1.960028436856e+08,   2006 MAR 19 00:02:20.570083,   2006 MAR 19 00:02:20.580030,   2006 MAR 19 01:12:58.500000,  3.612818182183e+03, -1.628515714506e+01,  1.614392856594e+02,  9.502775336429e+01,  5.264722222222e+00,  1.263971434823e+02,  5.040751340945e+00, -5.289206150642e+13, -5.289206150642e+13,  2.435795131181e+15,  7.765448289938e+02,  2.437360908321e+02
  1.959986067556e+08,  1.959986067656e+08,  1.960028446856e+08,   2006 MAR 19 00:02:21.570015,   2006 MAR 19 00:02:21.579971,   2006 MAR 19 01:12:59.500000,  3.608468540367e+03, -1.632158467110e+01,  1.614245671009e+02,  9.502799828411e+01,  5.263611111111e+00,  1.263971313429e+02,  5.040752155395e+00,  4.471215058118e+13,  4.471215058118e+13,  2.431705175719e+15,  7.106816653880e+02,  2.437360908321e+02
  1.959986077555e+08,  1.959986077655e+08,  1.960028456856e+08,   2006 MAR 19 00:02:22.569946,   2006 MAR 19 00:02:22.579912,   2006 MAR 19 01:13:00.500000,  3.604120257536e+03, -1.635809912297e+01,  1.614098082571e+02,  9.502824144403e+01,  5.262777777778e+00,  1.263971192034e+02,  5.040752969846e+00, -7.459656164251e+13, -7.459656164251e+13,  2.416762970188e+15,  6.301646961328e+02,  2.437360908321e+02
  1.959986087555e+08,  1.959986087654e+08,  1.960028466856e+08,   2006 MAR 19 00:02:23.569877,   2006 MAR 19 00:02:23.579853,   2006 MAR 19 01:13:01.500000,  3.599773340101e+03, -1.639470077611e+01,  1.613950089434e+02,  9.502848284469e+01,  5.261666666667e+00,  1.263971070639e+02,  5.040753784299e+00,  1.344534345115e+13,  1.344534345115e+13,  2.386187361092e+15,  6.503932279667e+02,  2.437360908321e+02
  1.959986097554e+08,  1.959986097654e+08,  1.960028476856e+08,   2006 MAR 19 00:02:24.569808,   2006 MAR 19 00:02:24.579794,   2006 MAR 19 01:13:02.500000,  3.595427793407e+03, -1.643138991510e+01,  1.613801689985e+02,  9.502872246177e+01,  5.260833333333e+00,  1.263970949244e+02,  5.040754598754e+00,  1.519138904693e+14,  1.519138904693e+14,  2.468866978053e+15,  8.340866316284e+02,  2.437360908321e+02
  1.959986107553e+08,  1.959986107653e+08,  1.960028486856e+08,   2006 MAR 19 00:02:25.569739,   2006 MAR 19 00:02:25.579735,   2006 MAR 19 01:13:03.500000,  3.591083624770e+03, -1.646816682490e+01,  1.613652882510e+02,  9.502896027935e+01,  5.259722222222e+00,  1.263970827849e+02,  5.040755413211e+00,  1.742523558083e+13,  1.742523558083e+13,  2.553536541078e+15,  9.445443138595e+02,  2.437360908321e+02
  1.959986117553e+08,  1.959986117653e+08,  1.960028496856e+08,   2006 MAR 19 00:02:26.569670,   2006 MAR 19 00:02:26.579676,   2006 MAR 19 01:13:04.500000,  3.586740839560e+03, -1.650503178929e+01,  1.613503665308e+02,  9.502919628025e+01,  5.258888888889e+00,  1.263970706454e+02,  5.040756227670e+00,  5.415118691616e+12,  5.415118691616e+12,  2.564956718214e+15,  8.731455055420e+02,  2.437360908321e+02
  1.959986127552e+08,  1.959986127652e+08,  1.960028506856e+08,   2006 MAR 19 00:02:27.569602,   2006 MAR 19 00:02:27.579617,   2006 MAR 19 01:13:05.500000,  3.582399444684e+03, -1.654198509272e+01,  1.613354036647e+02,  9.502943044922e+01,  5.257777777778e+00,  1.263970585059e+02,  5.040757042130e+00, -5.784931680027e+12, -5.784931680027e+12,  2.564771811720e+15,  7.970191388285e+02,  2.437360908321e+02
  1.959986137551e+08,  1.959986137652e+08,  1.960028516856e+08,   2006 MAR 19 00:02:28.569533,   2006 MAR 19 00:02:28.579558,   2006 MAR 19 01:13:06.500000,  3.578059446362e+03, -1.657902701967e+01,  1.613203994717e+02,  9.502966277719e+01,  5.256944444444e+00,  1.263970463663e+02,  5.040757856593e+00,  3.346807508877e+13,  3.346807508877e+13,  2.578613383424e+15,  8.406512658180e+02,  2.437360908321e+02
  1.959986147551e+08,  1.959986147651e+08,  1.960028526856e+08,   2006 MAR 19 00:02:29.569464,   2006 MAR 19 00:02:29.579499,   2006 MAR 19 01:13:07.500000,  3.573720849936e+03, -1.661615786233e+01,  1.613053537853e+02,  9.502989323893e+01,  5.255833333333e+00,  1.263970342268e+02,  5.040758671057e+00,  1.167552423131e+14,  1.167552423131e+14,  2.653725042125e+15,  9.189755401782e+02,  2.437360908321e+02
  1.959986157550e+08,  1.959986157650e+08,  1.960028536856e+08,   2006 MAR 19 00:02:30.569395,   2006 MAR 19 00:02:30.579441,   2006 MAR 19 01:13:08.500000,  3.569383663408e+03, -1.665337790235e+01,  1.612902664200e+02,  9.503012182923e+01,  5.254722222222e+00,  1.263970220872e+02,  5.040759485523e+00, -9.211865354834e+13, -9.211865354834e+13,  2.666043336507e+15,  8.544490141592e+02,  2.437360908321e+02
  1.959986167549e+08,  1.959986167650e+08,  1.960028546856e+08,   2006 MAR 19 00:02:31.569326,   2006 MAR 19 00:02:31.579382,   2006 MAR 19 01:13:09.500000,  3.565047892157e+03, -1.669068743214e+01,  1.612751372074e+02,  9.503034852326e+01,  5.253888888889e+00,  1.263970099476e+02,  5.040760299991e+00,  2.078877281616e+13,  2.078877281616e+13,  2.630378396141e+15,  7.325410804299e+02,  2.437360908321e+02
  1.959986177549e+08,  1.959986177649e+08,  1.960028556856e+08,   2006 MAR 19 00:02:32.569257,   2006 MAR 19 00:02:32.579323,   2006 MAR 19 01:13:10.500000,  3.560713542620e+03, -1.672808674408e+01,  1.612599659715e+02,  9.503057330229e+01,  5.252777777778e+00,  1.263969978080e+02,  5.040761114460e+00, -1.675605027568e+13, -1.675605027568e+13,  2.632394757412e+15,  7.403896526264e+02,  2.437360908321e+02
  1.959986187548e+08,  1.959986187649e+08,  1.960028566856e+08,   2006 MAR 19 00:02:33.569189,   2006 MAR 19 00:02:33.579264,   2006 MAR 19 01:13:11.500000,  3.556380621528e+03, -1.676557612781e+01,  1.612447525246e+02,  9.503079615824e+01,  5.251944444444e+00,  1.263969856684e+02,  5.040761928932e+00,  9.777150941221e+13,  9.777150941221e+13,  2.672902486980e+15,  7.989034791472e+02,  2.437360908321e+02
  1.959986197547e+08,  1.959986197648e+08,  1.960028576856e+08,   2006 MAR 19 00:02:34.569120,   2006 MAR 19 00:02:34.579205,   2006 MAR 19 01:13:12.500000,  3.552049135117e+03, -1.680315587566e+01,  1.612294966867e+02,  9.503101707493e+01,  5.250833333333e+00,  1.263969735288e+02,  5.040762743405e+00, -8.624567142122e+13, -8.624567142122e+13,  2.678665405975e+15,  7.406161723189e+02,  2.437360908321e+02
  1.959986207546e+08,  1.959986207647e+08,  1.960028586856e+08,   2006 MAR 19 00:02:35.569051,   2006 MAR 19 00:02:35.579146,   2006 MAR 19 01:13:13.500000,  3.547719090097e+03, -1.684082627876e+01,  1.612141982808e+02,  9.503123603280e+01,  5.249722222222e+00,  1.263969613891e+02,  5.040763557880e+00, -6.903175747729e+12, -6.903175747729e+12,  2.632090982391e+15,  6.672630809370e+02,  2.437360908321e+02
  1.959986217546e+08,  1.959986217647e+08,  1.960028596856e+08,   2006 MAR 19 00:02:36.568982,   2006 MAR 19 00:02:36.579087,   2006 MAR 19 01:13:14.500000,  3.543390493022e+03, -1.687858763663e+01,  1.611988571224e+02,  9.503145301568e+01,  5.248888888889e+00,  1.263969492494e+02,  5.040764372357e+00,  7.406825821052e+13,  7.406825821052e+13,  2.665673523622e+15,  7.335720911956e+02,  2.437360908321e+02
  1.959986227545e+08,  1.959986227646e+08,  1.960028606856e+08,   2006 MAR 19 00:02:37.568913,   2006 MAR 19 00:02:37.579028,   2006 MAR 19 01:13:15.500000,  3.539063350094e+03, -1.691644024331e+01,  1.611834730365e+02,  9.503166800005e+01,  5.247777777778e+00,  1.263969371098e+02,  5.040765186836e+00,  4.543416698478e+12,  4.543416698478e+12,  2.704979361077e+15,  7.529300370588e+02,  2.437360908321e+02
  1.959986237544e+08,  1.959986237646e+08,  1.960028616856e+08,   2006 MAR 19 00:02:38.568844,   2006 MAR 19 00:02:38.578969,   2006 MAR 19 01:13:16.500000,  3.534737668278e+03, -1.695438439238e+01,  1.611680458221e+02,  9.503188098524e+01,  5.246944444444e+00,  1.263969249701e+02,  5.040766001316e+00, -9.619540207573e+13, -9.619540207573e+13,  2.659153368388e+15,  6.729511819184e+02,  2.437360908321e+02
  1.959986247544e+08,  1.959986247645e+08,  1.960028626856e+08,   2006 MAR 19 00:02:39.568776,   2006 MAR 19 00:02:39.578910,   2006 MAR 19 01:13:17.500000,  3.530413454124e+03, -1.699242038515e+01,  1.611525753116e+02,  9.503209193718e+01,  5.245833333333e+00,  1.263969128304e+02,  5.040766815799e+00,  1.352723078538e+14,  1.352723078538e+14,  2.678691821277e+15,  7.334377173130e+02,  2.437360908321e+02
  1.959986257543e+08,  1.959986257644e+08,  1.960028636856e+08,   2006 MAR 19 00:02:40.568707,   2006 MAR 19 00:02:40.578851,   2006 MAR 19 01:13:18.500000,  3.526090714252e+03, -1.703054852062e+01,  1.611370613090e+02,  9.503230084739e+01,  5.244722222222e+00,  1.263969006906e+02,  5.040767630283e+00,  1.135854177396e+13,  1.135854177396e+13,  2.752007246091e+15,  8.344157063938e+02,  2.437360908321e+02
  1.959986267542e+08,  1.959986267644e+08,  1.960028646856e+08,   2006 MAR 19 00:02:41.568638,   2006 MAR 19 00:02:41.578792,   2006 MAR 19 01:13:19.500000,  3.521769455692e+03, -1.706876909386e+01,  1.611215036247e+02,  9.503250770242e+01,  5.243888888889e+00,  1.263968885509e+02,  5.040768444769e+00, -2.127305189792e+13, -2.127305189792e+13,  2.747049991029e+15,  7.720378001995e+02,  2.437360908321e+02
  1.959986277542e+08,  1.959986277643e+08,  1.960028656856e+08,   2006 MAR 19 00:02:42.568569,   2006 MAR 19 00:02:42.578733,   2006 MAR 19 01:13:20.500000,  3.517449684509e+03, -1.710708241208e+01,  1.611059020799e+02,  9.503271247398e+01,  5.242777777778e+00,  1.263968764111e+02,  5.040769259257e+00, -1.949442754165e+13, -1.949442754165e+13,  2.726666251309e+15,  6.595045624515e+02,  2.437360908321e+02
  1.959986287541e+08,  1.959986287643e+08,  1.960028666856e+08,   2006 MAR 19 00:02:43.568500,   2006 MAR 19 00:02:43.578674,   2006 MAR 19 01:13:21.500000,  3.513131408204e+03, -1.714548877619e+01,  1.610902564813e+02,  9.503291514858e+01,  5.241666666667e+00,  1.263968642714e+02,  5.040770073747e+00, -2.811459222746e+13, -2.811459222746e+13,  2.702861741425e+15,  6.495055566533e+02,  2.437360908321e+02
  1.959986297540e+08,  1.959986297642e+08,  1.960028676856e+08,   2006 MAR 19 00:02:44.568431,   2006 MAR 19 00:02:44.578615,   2006 MAR 19 01:13:22.500000,  3.508814633137e+03, -1.718398848580e+01,  1.610745666345e+02,  9.503311571304e+01,  5.240833333333e+00,  1.263968521316e+02,  5.040770888238e+00,  1.073690378656e+14,  1.073690378656e+14,  2.742488964244e+15,  7.063894892428e+02,  2.437360908321e+02
  1.959986307540e+08,  1.959986307642e+08,  1.960028686856e+08,   2006 MAR 19 00:02:45.568363,   2006 MAR 19 00:02:45.578557,   2006 MAR 19 01:13:23.500000,  3.504499365990e+03, -1.722258184673e+01,  1.610588323467e+02,  9.503331415032e+01,  5.239722222222e+00,  1.263968399918e+02,  5.040771702732e+00, -1.061275229174e+14, -1.061275229174e+14,  2.743109721718e+15,  6.682099061192e+02,  2.437360908321e+02
  1.959986317539e+08,  1.959986317641e+08,  1.960028696856e+08,   2006 MAR 19 00:02:46.568294,   2006 MAR 19 00:02:46.578498,   2006 MAR 19 01:13:24.500000,  3.500185613861e+03, -1.726126916783e+01,  1.610430534367e+02,  9.503351043086e+01,  5.238611111111e+00,  1.263968278520e+02,  5.040772517227e+00,  2.218877938884e+13,  2.218877938884e+13,  2.701140349954e+15,  5.871221170082e+02,  2.437360908321e+02
  1.959986327538e+08,  1.959986327640e+08,  1.960028706856e+08,   2006 MAR 19 00:02:47.568225,   2006 MAR 19 00:02:47.578439,   2006 MAR 19 01:13:25.500000,  3.495873383389e+03, -1.730005075335e+01,  1.610272297002e+02,  9.503370454671e+01,  5.237500000000e+00,  1.263968157121e+02,  5.040773331724e+00, -6.401286757554e+12, -6.401286757554e+12,  2.709034096269e+15,  5.633274791935e+02,  2.437360908321e+02
  1.959986337538e+08,  1.959986337640e+08,  1.960028716856e+08,   2006 MAR 19 00:02:48.568156,   2006 MAR 19 00:02:48.578380,   2006 MAR 19 01:13:26.500000,  3.491562681835e+03, -1.733892690487e+01,  1.610113609371e+02,  9.503389648650e+01,  5.236666666667e+00,  1.263968035723e+02,  5.040774146223e+00, -5.976001823868e+13, -5.976001823868e+13,  2.675953443771e+15,  5.051324158569e+02,  2.437360908321e+02
  1.959986347537e+08,  1.959986347639e+08,  1.960028726856e+08,   2006 MAR 19 00:02:49.568087,   2006 MAR 19 00:02:49.578321,   2006 MAR 19 01:13:27.500000,  3.487253516370e+03, -1.737789794158e+01,  1.609954469640e+02,  9.503408621685e+01,  5.235555555556e+00,  1.263967914324e+02,  5.040774960724e+00, -1.545289996997e+13, -1.545289996997e+13,  2.638346984667e+15,  4.479984167717e+02,  2.437360908321e+02
  1.959986357536e+08,  1.959986357639e+08,  1.960028736856e+08,   2006 MAR 19 00:02:50.568018,   2006 MAR 19 00:02:50.578262,   2006 MAR 19 01:13:28.500000,  3.482945893365e+03, -1.741696416322e+01,  1.609794875739e+02,  9.503427373167e+01,  5.234444444444e+00,  1.263967792926e+02,  5.040775775227e+00, -6.366066488662e+12, -6.366066488662e+12,  2.627437501438e+15,  4.416998727824e+02,  2.437360908321e+02
  1.959986367535e+08,  1.959986367638e+08,  1.960028746856e+08,   2006 MAR 19 00:02:51.567950,   2006 MAR 19 00:02:51.578203,   2006 MAR 19 01:13:29.500000,  3.478639820064e+03, -1.745612588917e+01,  1.609634825784e+02,  9.503445900053e+01,  5.233333333333e+00,  1.263967671527e+02,  5.040776589731e+00, -4.127817389176e+13, -4.127817389176e+13,  2.603615381247e+15,  4.158276342271e+02,  2.437360908321e+02
  1.959986377535e+08,  1.959986377637e+08,  1.960028756856e+08,   2006 MAR 19 00:02:52.567881,   2006 MAR 19 00:02:52.578144,   2006 MAR 19 01:13:30.500000,  3.474335303652e+03, -1.749538342804e+01,  1.609474317704e+02,  9.503464201270e+01,  5.232500000000e+00,  1.263967550128e+02,  5.040777404237e+00, -2.016361311672e+13, -2.016361311672e+13,  2.572894487743e+15,  3.853237600820e+02,  2.437360908321e+02
  1.959986387534e+08,  1.959986387637e+08,  1.960028766856e+08,   2006 MAR 19 00:02:53.567812,   2006 MAR 19 00:02:53.578085,   2006 MAR 19 01:13:31.500000,  3.470032351078e+03, -1.753473709047e+01,  1.609313349495e+02,  9.503482274993e+01,  5.231388888889e+00,  1.263967428729e+02,  5.040778218746e+00, -5.423923882231e+12, -5.423923882231e+12,  2.560100719244e+15,  3.543260600348e+02,  2.437360908321e+02
  1.959986397533e+08,  1.959986397636e+08,  1.960028776856e+08,   2006 MAR 19 00:02:54.567743,   2006 MAR 19 00:02:54.578026,   2006 MAR 19 01:13:32.500000,  3.465730969469e+03, -1.757418719480e+01,  1.609151919160e+02,  9.503500119001e+01,  5.230277777778e+00,  1.263967307329e+02,  5.040779033256e+00, -9.232117200135e+13, -9.232117200135e+13,  2.511228171302e+15,  2.871660582116e+02,  2.437360908321e+02
  1.959986407533e+08,  1.959986407636e+08,  1.960028786856e+08,   2006 MAR 19 00:02:55.567674,   2006 MAR 19 00:02:55.577967,   2006 MAR 19 01:13:33.500000,  3.461431166324e+03, -1.761373405238e+01,  1.608990024691e+02,  9.503517731332e+01,  5.229166666667e+00,  1.263967185930e+02,  5.040779847768e+00,  1.208055775801e+13,  1.208055775801e+13,  2.471107864180e+15,  2.611277106501e+02,  2.437360908321e+02
  1.959986417532e+08,  1.959986417635e+08,  1.960028796856e+08,   2006 MAR 19 00:02:56.567605,   2006 MAR 19 00:02:56.577908,   2006 MAR 19 01:13:34.500000,  3.457132948250e+03, -1.765337798263e+01,  1.608827664030e+02,  9.503535110095e+01,  5.228055555556e+00,  1.263967064530e+02,  5.040780662282e+00, -2.355356561944e+13, -2.355356561944e+13,  2.465371360249e+15,  3.308937389305e+02,  2.437360908321e+02
  1.959986427531e+08,  1.959986427634e+08,  1.960028806856e+08,   2006 MAR 19 00:02:57.567537,   2006 MAR 19 00:02:57.577849,   2006 MAR 19 01:13:35.500000,  3.452836322925e+03, -1.769311930273e+01,  1.608664835089e+02,  9.503552253688e+01,  5.226944444444e+00,  1.263966943130e+02,  5.040781476797e+00,  7.125944176435e+13,  7.125944176435e+13,  2.489224298322e+15,  4.469672153855e+02,  2.437360908321e+02
  1.959986437531e+08,  1.959986437634e+08,  1.960028816856e+08,   2006 MAR 19 00:02:58.567468,   2006 MAR 19 00:02:58.577790,   2006 MAR 19 01:13:36.500000,  3.448541297091e+03, -1.773295832918e+01,  1.608501535822e+02,  9.503569160062e+01,  5.226111111111e+00,  1.263966821730e+02,  5.040782291315e+00,  1.081262752508e+13,  1.081262752508e+13,  2.530260332967e+15,  4.707517350649e+02,  2.437360908321e+02
  1.959986447530e+08,  1.959986447633e+08,  1.960028826856e+08,   2006 MAR 19 00:02:59.567399,   2006 MAR 19 00:02:59.577731,   2006 MAR 19 01:13:37.500000,  3.444247878954e+03, -1.777289538401e+01,  1.608337764191e+02,  9.503585826824e+01,  5.225000000000e+00,  1.263966700330e+02,  5.040783105834e+00, -1.096583577452e+14, -1.096583577452e+14,  2.480837467857e+15,  3.439442348849e+02,  2.437360908321e+02
  1.959986457529e+08,  1.959986457633e+08,  1.960028836856e+08,   2006 MAR 19 00:03:00.567330,   2006 MAR 19 00:03:00.577672,   2006 MAR 19 01:13:38.500000,  3.439956074661e+03, -1.781293078591e+01,  1.608173517950e+02,  9.503602253453e+01,  5.223888888889e+00,  1.263966578930e+02,  5.040783920355e+00,  1.081262754343e+13,  1.081262754343e+13,  2.431414602756e+15,  3.010445149858e+02,  2.437360908321e+02
  1.959986467529e+08,  1.959986467632e+08,  1.960028846856e+08,   2006 MAR 19 00:03:01.567261,   2006 MAR 19 00:03:01.577613,   2006 MAR 19 01:13:39.500000,  3.435665892343e+03, -1.785306486301e+01,  1.608008795258e+02,  9.503618435444e+01,  5.222777777778e+00,  1.263966457530e+02,  5.040784734878e+00,  7.127705214875e+13,  7.127705214875e+13,  2.472459442602e+15,  3.996349349283e+02,  2.437360908321e+02
  1.959986477528e+08,  1.959986477631e+08,  1.960028856856e+08,   2006 MAR 19 00:03:02.567192,   2006 MAR 19 00:03:02.577554,   2006 MAR 19 01:13:40.500000,  3.431377339447e+03, -1.789329793213e+01,  1.607843593801e+02,  9.503634372780e+01,  5.221666666667e+00,  1.263966336129e+02,  5.040785549403e+00, -6.997390165623e+13, -6.997390165623e+13,  2.473111017848e+15,  3.927393729590e+02,  2.437360908321e+02
  1.959986487527e+08,  1.959986487631e+08,  1.960028866856e+08,   2006 MAR 19 00:03:03.567124,   2006 MAR 19 00:03:03.577495,   2006 MAR 19 01:13:41.500000,  3.427090422795e+03, -1.793363031989e+01,  1.607677911513e+02,  9.503650062832e+01,  5.220555555556e+00,  1.263966214729e+02,  5.040786363930e+00, -2.232966084711e+13, -2.232966084711e+13,  2.426959236596e+15,  3.200920700003e+02,  2.437360908321e+02
  1.959986497526e+08,  1.959986497630e+08,  1.960028876856e+08,   2006 MAR 19 00:03:04.567055,   2006 MAR 19 00:03:04.577436,   2006 MAR 19 01:13:42.500000,  3.422805150734e+03, -1.797406234898e+01,  1.607511746267e+02,  9.503665503562e+01,  5.219444444444e+00,  1.263966093328e+02,  5.040787178459e+00,  3.334480508694e+13,  3.334480508694e+13,  2.432466808716e+15,  3.755610680967e+02,  2.437360908321e+02
  1.959986507526e+08,  1.959986507630e+08,  1.960028886856e+08,   2006 MAR 19 00:03:05.566986,   2006 MAR 19 00:03:05.577377,   2006 MAR 19 01:13:43.500000,  3.418521529846e+03, -1.801459435335e+01,  1.607345095909e+02,  9.503680692662e+01,  5.218333333333e+00,  1.263965971927e+02,  5.040787992990e+00,  4.659643746275e+13,  4.659643746275e+13,  2.472437429991e+15,  4.655400033039e+02,  2.437360908321e+02
  1.959986517525e+08,  1.959986517629e+08,  1.960028896856e+08,   2006 MAR 19 00:03:06.566917,   2006 MAR 19 00:03:06.577319,   2006 MAR 19 01:13:44.500000,  3.414239568408e+03, -1.805522665120e+01,  1.607177958196e+02,  9.503695629128e+01,  5.217222222222e+00,  1.263965850526e+02,  5.040788807522e+00, -4.099641213387e+13, -4.099641213387e+13,  2.475237442656e+15,  4.572832133860e+02,  2.437360908321e+02
  1.959986527524e+08,  1.959986527629e+08,  1.960028906856e+08,   2006 MAR 19 00:03:07.566848,   2006 MAR 19 00:03:07.577260,   2006 MAR 19 01:13:45.500000,  3.409959273463e+03, -1.809595958176e+01,  1.607010331085e+02,  9.503710309320e+01,  5.216111111111e+00,  1.263965729125e+02,  5.040789622056e+00,  2.349193034096e+13,  2.349193034096e+13,  2.466485201759e+15,  4.358161104852e+02,  2.437360908321e+02
  1.959986537524e+08,  1.959986537628e+08,  1.960028916856e+08,   2006 MAR 19 00:03:08.566779,   2006 MAR 19 00:03:08.577201,   2006 MAR 19 01:13:46.500000,  3.405680652461e+03, -1.813679346958e+01,  1.606842212284e+02,  9.503724732244e+01,  5.215000000000e+00,  1.263965607723e+02,  5.040790436593e+00,  1.193967675029e+13,  1.193967675029e+13,  2.484201005305e+15,  4.204084723705e+02,  2.437360908321e+02
  1.959986547523e+08,  1.959986547627e+08,  1.960028926856e+08,   2006 MAR 19 00:03:09.566711,   2006 MAR 19 00:03:09.577142,   2006 MAR 19 01:13:47.500000,  3.401403713838e+03, -1.817772864239e+01,  1.606673599661e+02,  9.503738895294e+01,  5.213888888889e+00,  1.263965486322e+02,  5.040791251131e+00, -8.445824445978e+13, -8.445824445978e+13,  2.447941721450e+15,  2.934947460346e+02,  2.437360908321e+02
  1.959986557522e+08,  1.959986557627e+08,  1.960028936856e+08,   2006 MAR 19 00:03:10.566642,   2006 MAR 19 00:03:10.577083,   2006 MAR 19 01:13:48.500000,  3.397128464979e+03, -1.821876543886e+01,  1.606504490977e+02,  9.503752796318e+01,  5.212777777778e+00,  1.263965364920e+02,  5.040792065671e+00, -8.319031425634e+13, -8.319031425634e+13,  2.364117442092e+15,  1.930921587567e+02,  2.437360908321e+02
  1.959986567522e+08,  1.959986567626e+08,  1.960028946856e+08,   2006 MAR 19 00:03:11.566573,   2006 MAR 19 00:03:11.577024,   2006 MAR 19 01:13:49.500000,  3.392854913309e+03, -1.825990418740e+01,  1.606334883868e+02,  9.503766434583e+01,  5.211666666667e+00,  1.263965243518e+02,  5.040792880213e+00,  1.157778834790e+14,  1.157778834790e+14,  2.380411226703e+15,  3.171942773173e+02,  2.437360908321e+02
  1.959986577521e+08,  1.959986577626e+08,  1.960028956856e+08,   2006 MAR 19 00:03:12.566504,   2006 MAR 19 00:03:12.576965,   2006 MAR 19 01:13:50.500000,  3.388583066536e+03, -1.830114522950e+01,  1.606164776291e+02,  9.503779805908e+01,  5.210555555556e+00,  1.263965122116e+02,  5.040793694756e+00,  8.171106240899e+12,  8.171106240899e+12,  2.442385721563e+15,  3.947734363646e+02,  2.437360908321e+02
  1.959986587520e+08,  1.959986587625e+08,  1.960028966856e+08,   2006 MAR 19 00:03:13.566435,   2006 MAR 19 00:03:13.576906,   2006 MAR 19 01:13:51.500000,  3.384312932889e+03, -1.834248889546e+01,  1.605994165896e+02,  9.503792909162e+01,  5.209444444444e+00,  1.263965000714e+02,  5.040794509302e+00, -1.578837350566e+14, -1.578837350566e+14,  2.367529407155e+15,  2.131879164462e+02,  2.437360908321e+02
  1.959986597520e+08,  1.959986597624e+08,  1.960028976856e+08,   2006 MAR 19 00:03:14.566366,   2006 MAR 19 00:03:14.576847,   2006 MAR 19 01:13:52.500000,  3.380044519963e+03, -1.838393552446e+01,  1.605823050505e+02,  9.503805741281e+01,  5.208333333333e+00,  1.263964879312e+02,  5.040795323849e+00, -1.347175923529e+12, -1.347175923529e+12,  2.287913951665e+15,  2.083572266642e+01,  2.437360908321e+02
  1.959986607519e+08,  1.959986607624e+08,  1.960028986856e+08,   2006 MAR 19 00:03:15.566298,   2006 MAR 19 00:03:15.576788,   2006 MAR 19 01:13:53.500000,  3.375777835583e+03, -1.842548545381e+01,  1.605651427675e+02,  9.503818301536e+01,  5.207222222222e+00,  1.263964757910e+02,  5.040796138399e+00, -1.393842803139e+14, -1.393842803139e+14,  2.217548223547e+15, -1.222272711676e+02,  2.437360908321e+02
  1.959986617518e+08,  1.959986617623e+08,  1.960028996856e+08,   2006 MAR 19 00:03:16.566229,   2006 MAR 19 00:03:16.576729,   2006 MAR 19 01:13:54.500000,  3.371512887538e+03, -1.846713902356e+01,  1.605479295157e+02,  9.503830587247e+01,  5.206111111111e+00,  1.263964636507e+02,  5.040796952950e+00, -1.173451866942e+14, -1.173451866942e+14,  2.089183490043e+15, -2.522291610999e+02,  2.437360908321e+02
  1.959986627518e+08,  1.959986627623e+08,  1.960029006856e+08,   2006 MAR 19 00:03:17.566160,   2006 MAR 19 00:03:17.576670,   2006 MAR 19 01:13:55.500000,  3.367249684200e+03, -1.850889657620e+01,  1.605306650759e+02,  9.503842595083e+01,  5.205000000000e+00,  1.263964515104e+02,  5.040797767503e+00,  7.933369348275e+12,  7.933369348275e+12,  2.034477581370e+15, -2.024526405427e+02,  2.437360908321e+02
  1.959986637517e+08,  1.959986637622e+08,  1.960029016856e+08,   2006 MAR 19 00:03:18.566091,   2006 MAR 19 00:03:18.576611,   2006 MAR 19 01:13:56.500000,  3.362988233048e+03, -1.855075844908e+01,  1.605133492042e+02,  9.503854323982e+01,  5.203888888889e+00,  1.263964393701e+02,  5.040798582058e+00,  1.633340749609e+13,  1.633340749609e+13,  2.046610969792e+15, -2.942704064238e+01,  2.437360908321e+02
  1.959986647516e+08,  1.959986647621e+08,  1.960029026856e+08,   2006 MAR 19 00:03:19.566022,   2006 MAR 19 00:03:19.576552,   2006 MAR 19 01:13:57.500000,  3.358728542087e+03, -1.859272499164e+01,  1.604959816687e+02,  9.503865771275e+01,  5.202777777778e+00,  1.263964272298e+02,  5.040799396615e+00,  1.191326165048e+13,  1.191326165048e+13,  2.060734304365e+15,  6.581273854517e+01,  2.437360908321e+02
  1.959986657515e+08,  1.959986657621e+08,  1.960029036856e+08,   2006 MAR 19 00:03:20.565953,   2006 MAR 19 00:03:20.576493,   2006 MAR 19 01:13:58.500000,  3.354470619830e+03, -1.863479654345e+01,  1.604785622371e+02,  9.503876934590e+01,  5.201666666667e+00,  1.263964150895e+02,  5.040800211174e+00, -3.335361062215e+13, -3.335361062215e+13,  2.050014129879e+15,  1.264793325211e+00,  2.437360908321e+02
  1.959986667515e+08,  1.959986667620e+08,  1.960029046856e+08,   2006 MAR 19 00:03:21.565885,   2006 MAR 19 00:03:21.576434,   2006 MAR 19 01:13:59.500000,  3.350214474019e+03, -1.867697344814e+01,  1.604610906726e+02,  9.503887811721e+01,  5.200555555556e+00,  1.263964029492e+02,  5.040801025735e+00, -1.354836343967e+14, -1.354836343967e+14,  1.965595507370e+15, -2.051564676984e+02,  2.437360908321e+02
  1.959986677514e+08,  1.959986677620e+08,  1.960029056856e+08,   2006 MAR 19 00:03:22.565816,   2006 MAR 19 00:03:22.576375,   2006 MAR 19 01:14:00.500000,  3.345960113289e+03, -1.871925605683e+01,  1.604435667381e+02,  9.503898400108e+01,  5.199166666667e+00,  1.263963908089e+02,  5.040801840297e+00, -1.023589556935e+14, -1.023589556935e+14,  1.846674212325e+15, -3.673272824445e+02,  2.437360908321e+02
  1.959986687513e+08,  1.959986687619e+08,  1.960029066856e+08,   2006 MAR 19 00:03:23.565747,   2006 MAR 19 00:03:23.576316,   2006 MAR 19 01:14:01.500000,  3.341707544984e+03, -1.876164471516e+01,  1.604259901889e+02,  9.503908697962e+01,  5.198055555556e+00,  1.263963786685e+02,  5.040802654862e+00, -4.411340804129e+12, -4.411340804129e+12,  1.793289064076e+15, -3.763052014869e+02,  2.437360908321e+02
  1.959986697513e+08,  1.959986697619e+08,  1.960029076856e+08,   2006 MAR 19 00:03:24.565678,   2006 MAR 19 00:03:24.576257,   2006 MAR 19 01:14:02.500000,  3.337456777775e+03, -1.880413977365e+01,  1.604083607851e+02,  9.503918702793e+01,  5.196944444444e+00,  1.263963665281e+02,  5.040803469428e+00, -1.017954313008e+14, -1.017954313008e+14,  1.740185678024e+15, -3.080101433430e+02,  2.437360908321e+02
  1.959986707512e+08,  1.959986707618e+08,  1.960029086856e+08,   2006 MAR 19 00:03:25.565609,   2006 MAR 19 00:03:25.576198,   2006 MAR 19 01:14:03.500000,  3.333207820122e+03, -1.884674157761e+01,  1.603906782849e+02,  9.503928412369e+01,  5.195833333333e+00,  1.263963543877e+02,  5.040804283996e+00,  1.049476469820e+14,  1.049476469820e+14,  1.741761785864e+15, -1.517319439249e+02,  2.437360908321e+02
  1.959986717511e+08,  1.959986717617e+08,  1.960029096856e+08,   2006 MAR 19 00:03:26.565540,   2006 MAR 19 00:03:26.576139,   2006 MAR 19 01:14:04.500000,  3.328960679795e+03, -1.888945048568e+01,  1.603729424443e+02,  9.503937824049e+01,  5.194722222222e+00,  1.263963422473e+02,  5.040805098567e+00,  4.279264743564e+12,  4.279264743564e+12,  1.796375241727e+15,  5.277332454814e+00,  2.437360908321e+02
  1.959986727511e+08,  1.959986727617e+08,  1.960029106856e+08,   2006 MAR 19 00:03:27.565472,   2006 MAR 19 00:03:27.576080,   2006 MAR 19 01:14:05.500000,  3.324715365196e+03, -1.893226684616e+01,  1.603551530229e+02,  9.503946935183e+01,  5.193611111111e+00,  1.263963301069e+02,  5.040805913139e+00, -5.978643546240e+12, -5.978643546240e+12,  1.795525552326e+15, -2.144431328949e+00,  2.437360908321e+02
  1.959986737510e+08,  1.959986737616e+08,  1.960029116856e+08,   2006 MAR 19 00:03:28.565403,   2006 MAR 19 00:03:28.576021,   2006 MAR 19 01:14:06.500000,  3.320471885254e+03, -1.897519101180e+01,  1.603373097706e+02,  9.503955743664e+01,  5.192222222222e+00,  1.263963179665e+02,  5.040806727713e+00, -6.510469870447e+13, -6.510469870447e+13,  1.759983881200e+15, -6.182866956865e+01,  2.437360908321e+02
  1.959986747509e+08,  1.959986747616e+08,  1.960029126856e+08,   2006 MAR 19 00:03:29.565334,   2006 MAR 19 00:03:29.575962,   2006 MAR 19 01:14:07.500000,  3.316230248116e+03, -1.901822334188e+01,  1.603194124436e+02,  9.503964246522e+01,  5.191111111111e+00,  1.263963058261e+02,  5.040807542288e+00,  6.543048640895e+13,  6.543048640895e+13,  1.760146775052e+15, -1.269536369617e+01,  2.437360908321e+02
  1.959986757509e+08,  1.959986757615e+08,  1.960029136856e+08,   2006 MAR 19 00:03:30.565265,   2006 MAR 19 00:03:30.575903,   2006 MAR 19 01:14:08.500000,  3.311990461434e+03, -1.906136418823e+01,  1.603014607807e+02,  9.503972442467e+01,  5.190000000000e+00,  1.263962936856e+02,  5.040808356866e+00, -8.197521585417e+12, -8.197521585417e+12,  1.788763257464e+15,  5.086871187886e+01,  2.437360908321e+02
  1.959986767508e+08,  1.959986767614e+08,  1.960029146856e+08,   2006 MAR 19 00:03:31.565196,   2006 MAR 19 00:03:31.575844,   2006 MAR 19 01:14:09.500000,  3.307752535166e+03, -1.910461391133e+01,  1.602834545436e+02,  9.503980327789e+01,  5.188888888889e+00,  1.263962815451e+02,  5.040809171446e+00, -2.424916698874e+13, -2.424916698874e+13,  1.772539913177e+15, -1.525928440714e+00,  2.437360908321e+02
  1.959986777507e+08,  1.959986777614e+08,  1.960029156856e+08,   2006 MAR 19 00:03:32.565128,   2006 MAR 19 00:03:32.575785,   2006 MAR 19 01:14:10.500000,  3.303516476476e+03, -1.914797286659e+01,  1.602653934719e+02,  9.503987900769e+01,  5.187500000000e+00,  1.263962694046e+02,  5.040809986027e+00, -6.516633443897e+13, -6.516633443897e+13,  1.727832162463e+15, -4.984856119503e+01,  2.437360908321e+02
  1.959986787507e+08,  1.959986787613e+08,  1.960029166856e+08,   2006 MAR 19 00:03:33.565059,   2006 MAR 19 00:03:33.575726,   2006 MAR 19 01:14:11.500000,  3.299282294588e+03, -1.919144141770e+01,  1.602472773050e+02,  9.503995159316e+01,  5.186388888889e+00,  1.263962572641e+02,  5.040810800611e+00,  9.718157463236e+13,  9.718157463236e+13,  1.743839782560e+15,  9.987767175110e+00,  2.437360908321e+02
  1.959986797506e+08,  1.959986797613e+08,  1.960029176856e+08,   2006 MAR 19 00:03:34.564990,   2006 MAR 19 00:03:34.575667,   2006 MAR 19 01:14:12.500000,  3.295049998094e+03, -1.923501992513e+01,  1.602291058086e+02,  9.504002099030e+01,  5.185277777778e+00,  1.263962451236e+02,  5.040811615196e+00, -8.076892134676e+13, -8.076892134676e+13,  1.752046109203e+15,  1.506847540792e+01,  2.437360908321e+02
  1.959986807505e+08,  1.959986807612e+08,  1.960029186856e+08,   2006 MAR 19 00:03:35.564921,   2006 MAR 19 00:03:35.575608,   2006 MAR 19 01:14:13.500000,  3.290819595478e+03, -1.927870874728e+01,  1.602108786987e+02,  9.504008719843e+01,  5.183888888889e+00,  1.263962329831e+02,  5.040812429784e+00, -1.941518278981e+13, -1.941518278981e+13,  1.701954057134e+15, -6.611685349006e+01,  2.437360908321e+02
  1.959986817504e+08,  1.959986817611e+08,  1.960029196856e+08,   2006 MAR 19 00:03:36.564852,   2006 MAR 19 00:03:36.575549,   2006 MAR 19 01:14:14.500000,  3.286591095533e+03, -1.932250825075e+01,  1.601925957318e+02,  9.504015017724e+01,  5.182777777778e+00,  1.263962208425e+02,  5.040813244373e+00, -1.740762648990e+13, -1.740762648990e+13,  1.683542652495e+15, -8.824713739616e+01,  2.437360908321e+02
  1.959986827504e+08,  1.959986827611e+08,  1.960029206856e+08,   2006 MAR 19 00:03:37.564783,   2006 MAR 19 00:03:37.575490,   2006 MAR 19 01:14:15.500000,  3.282364506614e+03, -1.936641880074e+01,  1.601742566417e+02,  9.504020990552e+01,  5.181666666667e+00,  1.263962087020e+02,  5.040814058964e+00, -1.143778797719e+13, -1.143778797719e+13,  1.669119945261e+15, -5.095076407062e+00,  2.437360908321e+02
  1.959986837503e+08,  1.959986837610e+08,  1.960029216856e+08,   2006 MAR 19 00:03:38.564715,   2006 MAR 19 00:03:38.575431,   2006 MAR 19 01:14:16.500000,  3.278139838325e+03, -1.941044075901e+01,  1.601558611724e+02,  9.504026635340e+01,  5.180277777778e+00,  1.263961965614e+02,  5.040814873557e+00,  1.184986533776e+14,  1.184986533776e+14,  1.722650377961e+15,  1.528115149978e+02,  2.437360908321e+02
  1.959986847502e+08,  1.959986847610e+08,  1.960029226856e+08,   2006 MAR 19 00:03:39.564646,   2006 MAR 19 00:03:39.575372,   2006 MAR 19 01:14:17.500000,  3.273917098856e+03, -1.945457449733e+01,  1.601374090502e+02,  9.504031950177e+01,  5.179166666667e+00,  1.263961844208e+02,  5.040815688152e+00, -1.501264706437e+13, -1.501264706437e+13,  1.774393381118e+15,  2.300546878606e+02,  2.437360908321e+02
  1.959986857502e+08,  1.959986857609e+08,  1.960029236856e+08,   2006 MAR 19 00:03:40.564577,   2006 MAR 19 00:03:40.575313,   2006 MAR 19 01:14:18.500000,  3.269696297177e+03, -1.949882038281e+01,  1.601189000190e+02,  9.504036931640e+01,  5.178055555556e+00,  1.263961722802e+02,  5.040816502749e+00, -5.018890812023e+11, -5.018890812023e+11,  1.766636113045e+15,  1.593487900496e+02,  2.437360908321e+02
  1.959986867501e+08,  1.959986867608e+08,  1.960029246856e+08,   2006 MAR 19 00:03:41.564508,   2006 MAR 19 00:03:41.575254,   2006 MAR 19 01:14:19.500000,  3.265477442189e+03, -1.954317878619e+01,  1.601003338046e+02,  9.504041577665e+01,  5.176666666667e+00,  1.263961601396e+02,  5.040817317348e+00, -4.214107271627e+13, -4.214107271627e+13,  1.745314632146e+15,  5.432301856633e+01,  2.437360908321e+02
  1.959986877500e+08,  1.959986877608e+08,  1.960029256856e+08,   2006 MAR 19 00:03:42.564439,   2006 MAR 19 00:03:42.575195,   2006 MAR 19 01:14:20.500000,  3.261260542694e+03, -1.958765007795e+01,  1.600817101403e+02,  9.504045885418e+01,  5.175555555556e+00,  1.263961479990e+02,  5.040818131948e+00,  2.036965267689e+14, -3.635173816196e+13,  1.706068226707e+15, -2.763085868869e+01,  2.437360908321e+02
  1.959986887500e+08,  1.959986887607e+08,  1.960029266856e+08,   2006 MAR 19 00:03:43.564370,   2006 MAR 19 00:03:43.575136,   2006 MAR 19 01:14:21.500000,  3.257045607947e+03, -1.963223462828e+01,  1.600630287658e+02,  9.504049851374e+01,  5.174166666667e+00,  1.263961358583e+02,  5.040818946551e+00, -3.056240360765e+13, -3.056240360765e+13,  1.672611155822e+15, -1.364438319545e+02,  2.437360908321e+02
  1.959986897499e+08,  1.959986897607e+08,  1.960029276856e+08,   2006 MAR 19 00:03:44.564302,   2006 MAR 19 00:03:44.575077,   2006 MAR 19 01:14:22.500000,  3.252832646890e+03, -1.967693280964e+01,  1.600442893921e+02,  9.504053474354e+01,  5.173055555556e+00,  1.263961237177e+02,  5.040819761155e+00, -1.548724049401e+14, -1.548724049401e+14,  1.579893751549e+15, -3.393216135366e+02,  2.437360908321e+02
  1.959986907498e+08,  1.959986907606e+08,  1.960029286856e+08,   2006 MAR 19 00:03:45.564233,   2006 MAR 19 00:03:45.575018,   2006 MAR 19 01:14:23.500000,  3.248621668583e+03, -1.972174500232e+01,  1.600254917570e+02,  9.504056750384e+01,  5.171944444444e+00,  1.263961115770e+02,  5.040820575762e+00, -9.778912563811e+13, -9.778912563811e+13,  1.453562986260e+15, -5.459481160506e+02,  2.437360908321e+02
  1.959986917498e+08,  1.959986917606e+08,  1.960029296856e+08,   2006 MAR 19 00:03:46.564164,   2006 MAR 19 00:03:46.574959,   2006 MAR 19 01:14:24.500000,  3.244412682184e+03, -1.976667157441e+01,  1.600066355788e+02,  9.504059677554e+01,  5.170555555556e+00,  1.263960994363e+02,  5.040821390370e+00, -1.047715475455e+14, -1.047715475455e+14,  1.352282649668e+15, -6.597982761323e+02,  2.437360908321e+02
  1.959986927497e+08,  1.959986927605e+08,  1.960029306856e+08,   2006 MAR 19 00:03:47.564095,   2006 MAR 19 00:03:47.574900,   2006 MAR 19 01:14:25.500000,  3.240205696283e+03, -1.981171291406e+01,  1.599877205779e+02,  9.504062252884e+01,  5.169444444444e+00,  1.263960872956e+02,  5.040822204980e+00, -9.859919241089e+13, -9.859919241089e+13,  1.250597279690e+15, -7.437563437280e+02,  2.437360908321e+02
  1.959986937496e+08,  1.959986937604e+08,  1.960029316856e+08,   2006 MAR 19 00:03:48.564026,   2006 MAR 19 00:03:48.574841,   2006 MAR 19 01:14:26.500000,  3.236000720931e+03, -1.985686938540e+01,  1.599687464828e+02,  9.504064473473e+01,  5.168055555556e+00,  1.263960751549e+02,  5.040823019593e+00, -1.157514721049e+14, -1.157514721049e+14,  1.143421947432e+15, -8.639574071575e+02,  2.437360908321e+02
  1.959986947496e+08,  1.959986947604e+08,  1.960029326856e+08,   2006 MAR 19 00:03:49.563957,   2006 MAR 19 00:03:49.574782,   2006 MAR 19 01:14:27.500000,  3.231797764858e+03, -1.990214138112e+01,  1.599497130153e+02,  9.504066335790e+01,  5.166944444444e+00,  1.263960630141e+02,  5.040823834207e+00, -2.016977768110e+14, -1.521340283982e+14,  1.009479197180e+15, -1.048457050650e+03,  2.437360908321e+02
  1.959986957495e+08,  1.959986957603e+08,  1.960029336856e+08,   2006 MAR 19 00:03:50.563889,   2006 MAR 19 00:03:50.574723,   2006 MAR 19 01:14:28.500000,  3.227596837905e+03, -1.994752927418e+01,  1.599306198807e+02,  9.504067838380e+01,  5.165555555556e+00,  1.263960508734e+02,  5.040824648823e+00, -1.885165846915e+14, -1.885165846915e+14,  8.391538906353e+14, -1.246739232679e+03,  2.437360908321e+02
  1.959986967494e+08,  1.959986967603e+08,  1.960029346856e+08,   2006 MAR 19 00:03:51.563820,   2006 MAR 19 00:03:51.574664,   2006 MAR 19 01:14:29.500000,  3.223397948527e+03, -1.999303344834e+01,  1.599114668000e+02,  9.504068977864e+01,  5.164444444444e+00,  1.263960387326e+02,  5.040825463441e+00, -1.112344706504e+14, -1.112344706504e+14,  6.892783629643e+14, -1.325807150057e+03,  2.437360908321e+02
  1.959986977493e+08,  1.959986977602e+08,  1.960029356856e+08,   2006 MAR 19 00:03:52.563751,   2006 MAR 19 00:03:52.574605,   2006 MAR 19 01:14:30.500000,  3.219201106775e+03, -2.003865428740e+01,  1.598922534878e+02,  9.504069751308e+01,  5.163055555556e+00,  1.263960265919e+02,  5.040826278060e+00, -7.440285584348e+13, -7.440285584348e+13,  5.964596997174e+14, -1.331949179296e+03,  2.437360908321e+02
  1.959986987493e+08,  1.959986987601e+08,  1.960029366856e+08,   2006 MAR 19 00:03:53.563682,   2006 MAR 19 00:03:53.574546,   2006 MAR 19 01:14:31.500000,  3.215006321743e+03, -2.008439217524e+01,  1.598729796577e+02,  9.504070155732e+01,  5.161666666667e+00,  1.263960144511e+02,  5.040827092682e+00, -1.920738341867e+14, -1.920738341867e+14,  4.632213547023e+14, -1.460662376125e+03,  2.437360908321e+02
  1.959986997492e+08,  1.959986997601e+08,  1.960029376856e+08,   2006 MAR 19 00:03:54.563613,   2006 MAR 19 00:03:54.574487,   2006 MAR 19 01:14:32.500000,  3.210813603488e+03, -2.013024749405e+01,  1.598536450155e+02,  9.504070188747e+01,  5.160555555556e+00,  1.263960023103e+02,  5.040827907306e+00, -1.797819542535e+14, -1.797819542535e+14,  2.772934604823e+14, -1.607884493503e+03,  2.437360908321e+02
  1.959987007491e+08,  1.959987007600e+08,  1.960029386856e+08,   2006 MAR 19 00:03:55.563544,   2006 MAR 19 00:03:55.574428,   2006 MAR 19 01:14:33.500000,  3.206622960437e+03, -2.017622064681e+01,  1.598342492847e+02,  9.504069845527e+01,  5.159166666667e+00,  1.263959901695e+02,  5.040828721932e+00, -1.986424180510e+13, -1.986424180510e+13,  1.774703624530e+14, -1.545807439043e+03,  2.437360908321e+02
  1.959987017491e+08,  1.959987017600e+08,  1.960029396856e+08,   2006 MAR 19 00:03:56.563476,   2006 MAR 19 00:03:56.574369,   2006 MAR 19 01:14:34.500000,  3.202434403322e+03, -2.022231199900e+01,  1.598147921503e+02,  9.504069125872e+01,  5.158055555556e+00,  1.263959780286e+02,  5.040829536559e+00, -7.125064044202e+13, -7.125064044202e+13,  1.319129213294e+14, -1.350843242076e+03,  2.437360908321e+02
  1.959987027490e+08,  1.959987027599e+08,  1.960029406856e+08,   2006 MAR 19 00:03:57.563407,   2006 MAR 19 00:03:57.574310,   2006 MAR 19 01:14:35.500000,  3.198247940510e+03, -2.026852195669e+01,  1.597952733231e+02,  9.504068025677e+01,  5.156666666667e+00,  1.263959658878e+02,  5.040830351189e+00,  4.706310844301e+13,  4.706310844301e+13,  1.198191553299e+14, -1.160080189770e+03,  2.437360908321e+02
  1.959987037489e+08,  1.959987037598e+08,  1.960029416856e+08,   2006 MAR 19 00:03:58.563338,   2006 MAR 19 00:03:58.574251,   2006 MAR 19 01:14:36.500000,  3.194063582847e+03, -2.031485090345e+01,  1.597756925127e+02,  9.504066541629e+01,  5.155277777778e+00,  1.263959537469e+02,  5.040831165820e+00, -3.544041378123e+13, -3.544041378123e+13,  1.256305026608e+14, -9.887495808180e+02,  2.437360908321e+02
  1.959987047489e+08,  1.959987047598e+08,  1.960029426856e+08,   2006 MAR 19 00:03:59.563269,   2006 MAR 19 00:03:59.574192,   2006 MAR 19 01:14:37.500000,  3.189881339314e+03, -2.036129923569e+01,  1.597560494214e+02,  9.504064670468e+01,  5.154166666667e+00,  1.263959416060e+02,  5.040831980454e+00,  8.229220062406e+13,  8.229220062406e+13,  1.490563960822e+14, -8.726263623890e+02,  2.437360908321e+02
  1.959987057488e+08,  1.959987057597e+08,  1.960029436856e+08,   2006 MAR 19 00:04:00.563200,   2006 MAR 19 00:04:00.574133,   2006 MAR 19 01:14:38.500000,  3.185701220128e+03, -2.040786734022e+01,  1.597363437419e+02,  9.504062409950e+01,  5.152777777778e+00,  1.263959294651e+02,  5.040832795089e+00, -1.011526644185e+14, -1.011526644185e+14,  1.396261641850e+14, -8.576297704055e+02,  2.437360908321e+02
  1.959987067487e+08,  1.959987067597e+08,  1.960029446856e+08,   2006 MAR 19 00:04:01.563131,   2006 MAR 19 00:04:01.574074,   2006 MAR 19 01:14:39.500000,  3.181523234409e+03, -2.045455562245e+01,  1.597165751756e+02,  9.504059756273e+01,  5.151388888889e+00,  1.263959173242e+02,  5.040833609726e+00,  4.075867723163e+13,  4.075867723163e+13,  1.094291705916e+14, -8.471681858042e+02,  2.437360908321e+02
  1.959987077487e+08,  1.959987077596e+08,  1.960029456856e+08,   2006 MAR 19 00:04:02.563063,   2006 MAR 19 00:04:02.574015,   2006 MAR 19 01:14:40.500000,  3.177347392408e+03, -2.050136446756e+01,  1.596967434115e+02,  9.504056707299e+01,  5.150277777778e+00,  1.263959051833e+02,  5.040834424365e+00, -1.052206077722e+13, -1.052206077722e+13,  1.245474788188e+14, -7.636125168600e+02,  2.437360908321e+02
  1.959987087486e+08,  1.959987087596e+08,  1.960029466856e+08,   2006 MAR 19 00:04:03.562994,   2006 MAR 19 00:04:03.573956,   2006 MAR 19 01:14:41.500000,  3.173173704293e+03, -2.054829427364e+01,  1.596768481452e+02,  9.504053259695e+01,  5.148888888889e+00,  1.263958930424e+02,  5.040835239006e+00,  2.461017564869e+13,  2.461017564869e+13,  1.315915362545e+14, -6.796341702582e+02,  2.437360908321e+02
  1.959987097485e+08,  1.959987097595e+08,  1.960029476856e+08,   2006 MAR 19 00:04:04.562925,   2006 MAR 19 00:04:04.573897,   2006 MAR 19 01:14:42.500000,  3.169002179277e+03, -2.059534544689e+01,  1.596568890723e+02,  9.504049409701e+01,  5.147500000000e+00,  1.263958809014e+02,  5.040836053649e+00,  7.158523370786e+12,  7.158523370786e+12,  1.474758857642e+14, -6.406494452906e+02,  2.437360908321e+02
  1.959987107485e+08,  1.959987107594e+08,  1.960029486856e+08,   2006 MAR 19 00:04:05.562856,   2006 MAR 19 00:04:05.573838,   2006 MAR 19 01:14:43.500000,  3.164832828100e+03, -2.064251838018e+01,  1.596368658806e+02,  9.504045154569e+01,  5.146388888889e+00,  1.263958687605e+02,  5.040836868294e+00, -2.582527560446e+13, -2.582527560446e+13,  1.381425096474e+14, -6.142069792675e+02,  2.437360908321e+02
  1.959987117484e+08,  1.959987117594e+08,  1.960029496856e+08,   2006 MAR 19 00:04:06.562787,   2006 MAR 19 00:04:06.573779,   2006 MAR 19 01:14:44.500000,  3.160665660146e+03, -2.068981347739e+01,  1.596167782572e+02,  9.504040491046e+01,  5.145000000000e+00,  1.263958566195e+02,  5.040837682941e+00,  6.422419380789e+13,  6.422419380789e+13,  1.573419687491e+14, -5.511870696001e+02,  2.437360908321e+02
  1.959987127483e+08,  1.959987127593e+08,  1.960029506856e+08,   2006 MAR 19 00:04:07.562718,   2006 MAR 19 00:04:07.573720,   2006 MAR 19 01:14:45.500000,  3.156500685744e+03, -2.073723114177e+01,  1.595966258848e+02,  9.504035416155e+01,  5.143611111111e+00,  1.263958444785e+02,  5.040838497590e+00, -2.162525639458e+13, -2.162525639458e+13,  1.786414374558e+14, -4.982589839787e+02,  2.437360908321e+02
  1.959987137482e+08,  1.959987137593e+08,  1.960029516856e+08,   2006 MAR 19 00:04:08.562650,   2006 MAR 19 00:04:08.573661,   2006 MAR 19 01:14:46.500000,  3.152337915377e+03, -2.078477177182e+01,  1.595764084499e+02,  9.504029926594e+01,  5.142222222222e+00,  1.263958323375e+02,  5.040839312241e+00,  2.240890780813e+13,  2.240890780813e+13,  1.790332631626e+14, -4.672088721599e+02,  2.437360908321e+02
  1.959987147482e+08,  1.959987147592e+08,  1.960029526856e+08,   2006 MAR 19 00:04:09.562581,   2006 MAR 19 00:04:09.573602,   2006 MAR 19 01:14:47.500000,  3.148177358387e+03, -2.083243577601e+01,  1.595561256278e+02,  9.504024019529e+01,  5.140833333333e+00,  1.263958201965e+02,  5.040840126894e+00,  3.802910527143e+13,  3.802910527143e+13,  2.092522697023e+14, -4.134004730956e+02,  2.437360908321e+02
  1.959987157481e+08,  1.959987157591e+08,  1.960029536856e+08,   2006 MAR 19 00:04:10.562512,   2006 MAR 19 00:04:10.573543,   2006 MAR 19 01:14:48.500000,  3.144019025601e+03, -2.088022356219e+01,  1.595357771099e+02,  9.504017690581e+01,  5.139722222222e+00,  1.263958080555e+02,  5.040840941548e+00,  2.455206233868e+14, -1.071577248455e+13,  2.229089360958e+14, -4.260097845507e+02,  2.437360908321e+02
  1.959987167480e+08,  1.959987167591e+08,  1.960029546856e+08,   2006 MAR 19 00:04:11.562443,   2006 MAR 19 00:04:11.573484,   2006 MAR 19 01:14:49.500000,  3.139862927211e+03, -2.092813553103e+01,  1.595153625597e+02,  9.504010937916e+01,  5.138333333333e+00,  1.263957959144e+02,  5.040841756205e+00, -5.946065024053e+13, -5.946065024053e+13,  1.878207247332e+14, -4.946205535166e+02,  2.437360908321e+02
  1.959987177480e+08,  1.959987177590e+08,  1.960029556856e+08,   2006 MAR 19 00:04:12.562374,   2006 MAR 19 00:04:12.573425,   2006 MAR 19 01:14:50.500000,  3.135709073387e+03, -2.097617209972e+01,  1.594948816607e+02,  9.504003757192e+01,  5.136944444444e+00,  1.263957837734e+02,  5.040842570863e+00,  5.145683997337e+13,  5.145683997337e+13,  1.838188195997e+14, -5.349896548641e+02,  2.437360908321e+02
  1.959987187479e+08,  1.959987187590e+08,  1.960029566856e+08,   2006 MAR 19 00:04:13.562305,   2006 MAR 19 00:04:13.573366,   2006 MAR 19 01:14:51.500000,  3.131557474844e+03, -2.102433366967e+01,  1.594743340859e+02,  9.503996145390e+01,  5.135555555556e+00,  1.263957716323e+02,  5.040843385524e+00, -1.299452506936e+14, -1.299452506936e+14,  1.445746142396e+14, -6.239575190471e+02,  2.437360908321e+02
  1.959987197478e+08,  1.959987197589e+08,  1.960029576856e+08,   2006 MAR 19 00:04:14.562237,   2006 MAR 19 00:04:14.573307,   2006 MAR 19 01:14:52.500000,  3.127408141378e+03, -2.107262065478e+01,  1.594537195029e+02,  9.503988099359e+01,  5.134166666667e+00,  1.263957594912e+02,  5.040844200186e+00, -1.002897687240e+13, -1.002897687240e+13,  7.458750045656e+13, -6.883189101395e+02,  2.437360908321e+02
  1.959987207478e+08,  1.959987207588e+08,  1.960029586856e+08,   2006 MAR 19 00:04:15.562168,   2006 MAR 19 00:04:15.573248,   2006 MAR 19 01:14:53.500000,  3.123261084235e+03, -2.112103347040e+01,  1.594330375798e+02,  9.503979615674e+01,  5.132777777778e+00,  1.263957473501e+02,  5.040845014851e+00,  1.952964945078e+13,  1.952964945078e+13,  7.933783674575e+13, -6.235995275147e+02,  2.437360908321e+02
  1.959987217477e+08,  1.959987217588e+08,  1.960029596856e+08,   2006 MAR 19 00:04:16.562099,   2006 MAR 19 00:04:16.573189,   2006 MAR 19 01:14:54.500000,  3.119116313259e+03, -2.116957252895e+01,  1.594122879935e+02,  9.503970690092e+01,  5.131388888889e+00,  1.263957352090e+02,  5.040845829517e+00, -3.189197041428e+13, -3.189197041428e+13,  7.315667626400e+13, -4.898048834725e+02,  2.437360908321e+02
  1.959987227476e+08,  1.959987227587e+08,  1.960029606856e+08,   2006 MAR 19 00:04:17.562030,   2006 MAR 19 00:04:17.573130,   2006 MAR 19 01:14:55.500000,  3.114973838999e+03, -2.121823824632e+01,  1.593914703976e+02,  9.503961320100e+01,  5.130000000000e+00,  1.263957230679e+02,  5.040846644185e+00,  1.642145910559e+14,  1.642145910559e+14,  1.393179865848e+14, -2.483257172515e+02,  2.437360908321e+02
  1.959987237476e+08,  1.959987237587e+08,  1.960029616856e+08,   2006 MAR 19 00:04:18.561961,   2006 MAR 19 00:04:18.573071,   2006 MAR 19 01:14:56.500000,  3.110833672775e+03, -2.126703102822e+01,  1.593705844444e+02,  9.503951503516e+01,  5.128611111111e+00,  1.263957109267e+02,  5.040847458855e+00,  7.567078803735e+13,  7.567078803735e+13,  2.592606761314e+14, -8.860551043991e+01,  2.437360908321e+02
  1.959987247475e+08,  1.959987247586e+08,  1.960029626856e+08,   2006 MAR 19 00:04:19.561892,   2006 MAR 19 00:04:19.573012,   2006 MAR 19 01:14:57.500000,  3.106695824567e+03, -2.131595130588e+01,  1.593496298147e+02,  9.503941234548e+01,  5.127222222222e+00,  1.263956987856e+02,  5.040848273528e+00, -1.130219032097e+14, -1.130219032097e+14,  2.405851185452e+14, -1.876033241763e+02,  2.437360908321e+02
  1.959987257474e+08,  1.959987257585e+08,  1.960029636856e+08,   2006 MAR 19 00:04:20.561824,   2006 MAR 19 00:04:20.572953,   2006 MAR 19 01:14:58.500000,  3.102560305386e+03, -2.136499949422e+01,  1.593286061677e+02,  9.503930509734e+01,  5.126111111111e+00,  1.263956866444e+02,  5.040849088202e+00,  9.979668527806e+13,  9.979668527806e+13,  2.339725095794e+14, -2.637793862743e+02,  2.437360908321e+02
  1.959987267473e+08,  1.959987267585e+08,  1.960029646856e+08,   2006 MAR 19 00:04:21.561755,   2006 MAR 19 00:04:21.572894,   2006 MAR 19 01:14:59.500000,  3.098427125933e+03, -2.141417600973e+01,  1.593075131398e+02,  9.503919327364e+01,  5.124722222222e+00,  1.263956745032e+02,  5.040849902878e+00, -4.962538545718e+13, -4.962538545718e+13,  2.590581594898e+14, -3.205327268390e+02,  2.437360908321e+02
  1.959987277473e+08,  1.959987277584e+08,  1.960029656856e+08,   2006 MAR 19 00:04:22.561686,   2006 MAR 19 00:04:22.572835,   2006 MAR 19 01:15:00.500000,  3.094296296958e+03, -2.146348127397e+01,  1.592863503901e+02,  9.503907683358e+01,  5.123055555556e+00,  1.263956623620e+02,  5.040850717556e+00, -1.268634766433e+14, -1.268634766433e+14,  1.708137284395e+14, -4.924080061744e+02,  2.437360908321e+02
  1.959987287472e+08,  1.959987287584e+08,  1.960029666856e+08,   2006 MAR 19 00:04:23.561617,   2006 MAR 19 00:04:23.572776,   2006 MAR 19 01:15:01.500000,  3.090167829257e+03, -2.151291571214e+01,  1.592651175793e+02,  9.503895573241e+01,  5.121666666667e+00,  1.263956502208e+02,  5.040851532236e+00,  4.369957212640e+13,  4.369957212640e+13,  1.292317761811e+14, -5.197925368007e+02,  2.437360908321e+02
  1.959987297471e+08,  1.959987297583e+08,  1.960029676856e+08,   2006 MAR 19 00:04:24.561548,   2006 MAR 19 00:04:24.572717,   2006 MAR 19 01:15:02.500000,  3.086041733899e+03, -2.156247974347e+01,  1.592438143393e+02,  9.503882995032e+01,  5.120277777778e+00,  1.263956380796e+02,  5.040852346917e+00,  1.306672679808e+13,  1.306672679808e+13,  1.576149256433e+14, -3.699012408976e+02,  2.437360908321e+02
  1.959987307471e+08,  1.959987307583e+08,  1.960029686856e+08,   2006 MAR 19 00:04:25.561479,   2006 MAR 19 00:04:25.572658,   2006 MAR 19 01:15:03.500000,  3.081918022246e+03, -2.161217379700e+01,  1.592224403401e+02,  9.503869942932e+01,  5.118888888889e+00,  1.263956259383e+02,  5.040853161601e+00,  4.719518578586e+13,  4.719518578586e+13,  1.877458819353e+14, -2.757254259981e+02,  2.437360908321e+02
  1.959987317470e+08,  1.959987317582e+08,  1.960029696856e+08,   2006 MAR 19 00:04:26.561411,   2006 MAR 19 00:04:26.572598,   2006 MAR 19 01:15:04.500000,  3.077796704746e+03, -2.166199829572e+01,  1.592009952041e+02,  9.503856415311e+01,  5.117500000000e+00,  1.263956137971e+02,  5.040853976287e+00, -3.597752412488e+13, -3.597752412488e+13,  1.933547127658e+14, -3.428881235214e+02,  2.437360908321e+02
  1.959987327469e+08,  1.959987327581e+08,  1.960029706856e+08,   2006 MAR 19 00:04:27.561342,   2006 MAR 19 00:04:27.572539,   2006 MAR 19 01:15:05.500000,  3.073677792563e+03, -2.171195367258e+01,  1.591794785862e+02,  9.503842407144e+01,  5.116111111111e+00,  1.263956016558e+02,  5.040854790975e+00, -9.595767457095e+13, -9.595767457095e+13,  1.273871134179e+14, -4.217865781453e+02,  2.437360908321e+02
  1.959987337469e+08,  1.959987337581e+08,  1.960029716856e+08,   2006 MAR 19 00:04:28.561273,   2006 MAR 19 00:04:28.572480,   2006 MAR 19 01:15:06.500000,  3.069561297167e+03, -2.176204035335e+01,  1.591578901240e+02,  9.503827915029e+01,  5.114722222222e+00,  1.263955895145e+02,  5.040855605664e+00,  1.589227445441e+14,  1.589227445441e+14,  1.588696484044e+14, -2.594305057436e+02,  2.437360908321e+02
  1.959987347468e+08,  1.959987347580e+08,  1.960029726856e+08,   2006 MAR 19 00:04:29.561204,   2006 MAR 19 00:04:29.572421,   2006 MAR 19 01:15:07.500000,  3.065447229330e+03, -2.181225876181e+01,  1.591362294437e+02,  9.503812936385e+01,  5.113333333333e+00,  1.263955773732e+02,  5.040856420356e+00,  4.665807657848e+13,  4.665807657848e+13,  2.616600589657e+14, -7.414244069368e+00,  2.437360908321e+02
  1.959987357467e+08,  1.959987357580e+08,  1.960029736856e+08,   2006 MAR 19 00:04:30.561135,   2006 MAR 19 00:04:30.572362,   2006 MAR 19 01:15:08.500000,  3.061335600420e+03, -2.186260933792e+01,  1.591144961935e+02,  9.503797465992e+01,  5.111944444444e+00,  1.263955652319e+02,  5.040857235050e+00,  6.791352047636e+13,  6.791352047636e+13,  3.189458574931e+14,  8.041713262976e+01,  2.437360908321e+02
  1.959987367467e+08,  1.959987367579e+08,  1.960029746856e+08,   2006 MAR 19 00:04:31.561066,   2006 MAR 19 00:04:31.572303,   2006 MAR 19 01:15:09.500000,  3.057226421958e+03, -2.191309251282e+01,  1.590926899994e+02,  9.503781500664e+01,  5.110555555556e+00,  1.263955530906e+02,  5.040858049745e+00,  1.438748769189e+13,  1.438748769189e+13,  3.600963615772e+14,  1.003714051378e+02,  2.437360908321e+02
  1.959987377466e+08,  1.959987377578e+08,  1.960029756856e+08,   2006 MAR 19 00:04:32.560998,   2006 MAR 19 00:04:32.572244,   2006 MAR 19 01:15:10.500000,  3.053119705138e+03, -2.196370871752e+01,  1.590708104917e+02,  9.503765036632e+01,  5.108888888889e+00,  1.263955409493e+02,  5.040858864443e+00,  9.730485106516e+13,  9.730485106516e+13,  4.159425309557e+14,  1.712502349169e+02,  2.437360908321e+02
  1.959987387465e+08,  1.959987387578e+08,  1.960029766856e+08,   2006 MAR 19 00:04:33.560929,   2006 MAR 19 00:04:33.572185,   2006 MAR 19 01:15:11.500000,  3.049015461254e+03, -2.201445838747e+01,  1.590488572988e+02,  9.503748069985e+01,  5.107500000000e+00,  1.263955288079e+02,  5.040859679142e+00,  3.637375261485e+13,  3.637375261485e+13,  4.827818327957e+14,  2.814529123606e+02,  2.437360908321e+02
  1.959987397465e+08,  1.959987397577e+08,  1.960029776856e+08,   2006 MAR 19 00:04:34.560860,   2006 MAR 19 00:04:34.572126,   2006 MAR 19 01:15:12.500000,  3.044913701916e+03, -2.206534195433e+01,  1.590268300336e+02,  9.503730598043e+01,  5.106111111111e+00,  1.263955166665e+02,  5.040860493844e+00,  1.329918082885e+14,  1.329918082885e+14,  5.674646132474e+14,  3.899995213113e+02,  2.437360908321e+02
  1.959987407464e+08,  1.959987407577e+08,  1.960029786856e+08,   2006 MAR 19 00:04:35.560791,   2006 MAR 19 00:04:35.572067,   2006 MAR 19 01:15:13.500000,  3.040814438738e+03, -2.211635986461e+01,  1.590047283407e+02,  9.503712614681e+01,  5.104722222222e+00,  1.263955045252e+02,  5.040861308547e+00,  1.267930376885e+13,  1.267930376885e+13,  6.403001692761e+14,  4.319323580549e+02,  2.437360908321e+02
  1.959987417463e+08,  1.959987417576e+08,  1.960029796856e+08,   2006 MAR 19 00:04:36.560722,   2006 MAR 19 00:04:36.572008,   2006 MAR 19 01:15:14.500000,  3.036717682917e+03, -2.216751255036e+01,  1.589825518171e+02,  9.503694118200e+01,  5.103055555556e+00,  1.263954923838e+02,  5.040862123252e+00,  7.051101714014e+13,  7.051101714014e+13,  6.818953297306e+14,  4.073672514671e+02,  2.437360908321e+02
  1.959987427462e+08,  1.959987427575e+08,  1.960029806856e+08,   2006 MAR 19 00:04:37.560653,   2006 MAR 19 00:04:37.571949,   2006 MAR 19 01:15:15.500000,  3.032623446356e+03, -2.221880045846e+01,  1.589603000997e+02,  9.503675102711e+01,  5.101666666667e+00,  1.263954802424e+02,  5.040862937960e+00,  3.724545489495e+12,  3.724545489495e+12,  7.190131110454e+14,  3.631885696263e+02,  2.437360908321e+02
  1.959987437462e+08,  1.959987437575e+08,  1.960029816856e+08,   2006 MAR 19 00:04:38.560585,   2006 MAR 19 00:04:38.571890,   2006 MAR 19 01:15:16.500000,  3.028531740753e+03, -2.227022402277e+01,  1.589379727982e+02,  9.503655564947e+01,  5.100277777778e+00,  1.263954681009e+02,  5.040863752669e+00,  2.436363446735e+13,  2.436363446735e+13,  7.330572010238e+14,  3.776912934930e+02,  2.437360908321e+02
  1.959987447461e+08,  1.959987447574e+08,  1.960029826856e+08,   2006 MAR 19 00:04:39.560516,   2006 MAR 19 00:04:39.571831,   2006 MAR 19 01:15:17.500000,  3.024442577617e+03, -2.232178368771e+01,  1.589155695070e+02,  9.503635502364e+01,  5.098888888889e+00,  1.263954559595e+02,  5.040864567380e+00,  1.369188711044e+14,  1.369188711044e+14,  8.136984538097e+14,  5.009628196503e+02,  2.437360908321e+02
  1.959987457460e+08,  1.959987457574e+08,  1.960029836856e+08,   2006 MAR 19 00:04:40.560447,   2006 MAR 19 00:04:40.571772,   2006 MAR 19 01:15:18.500000,  3.020355969135e+03, -2.237347989491e+01,  1.588930898496e+02,  9.503614909808e+01,  5.097222222222e+00,  1.263954438181e+02,  5.040865382093e+00,  2.232966285956e+13,  2.232966285956e+13,  8.933227207917e+14,  5.975329394632e+02,  2.437360908321e+02
  1.959987467460e+08,  1.959987467573e+08,  1.960029846856e+08,   2006 MAR 19 00:04:41.560378,   2006 MAR 19 00:04:41.571713,   2006 MAR 19 01:15:19.500000,  3.016271926548e+03, -2.242531309719e+01,  1.588705334377e+02,  9.503593782521e+01,  5.095833333333e+00,  1.263954316766e+02,  5.040866196808e+00,  7.836514181737e+13,  7.836514181737e+13,  9.436701231301e+14,  6.726380747793e+02,  2.437360908321e+02
  1.959987477459e+08,  1.959987477572e+08,  1.960029856856e+08,   2006 MAR 19 00:04:42.560309,   2006 MAR 19 00:04:42.571654,   2006 MAR 19 01:15:20.500000,  3.012190462289e+03, -2.247728373656e+01,  1.588478998762e+02,  9.503572116516e+01,  5.094444444444e+00,  1.263954195351e+02,  5.040867011525e+00,  1.587202300917e+14,  1.587202300917e+14,  1.062212809085e+15,  8.388707999051e+02,  2.437360908321e+02
  1.959987487458e+08,  1.959987487572e+08,  1.960029866856e+08,   2006 MAR 19 00:04:43.560240,   2006 MAR 19 00:04:43.571595,   2006 MAR 19 01:15:21.500000,  3.008111588110e+03, -2.252939225389e+01,  1.588251887443e+02,  9.503549909842e+01,  5.092777777778e+00,  1.263954073936e+02,  5.040867826244e+00,  6.996510316036e+13,  6.996510316036e+13,  1.176555475711e+15,  9.272061415085e+02,  2.437360908321e+02
  1.959987497458e+08,  1.959987497571e+08,  1.960029876856e+08,   2006 MAR 19 00:04:44.560172,   2006 MAR 19 00:04:44.571536,   2006 MAR 19 01:15:22.500000,  3.004035316043e+03, -2.258163910616e+01,  1.588023996611e+02,  9.503527156309e+01,  5.091388888889e+00,  1.263953952521e+02,  5.040868640965e+00,  1.733718704514e+13,  1.733718704514e+13,  1.220206620813e+15,  7.973505888174e+02,  2.437360908321e+02
  1.959987507457e+08,  1.959987507571e+08,  1.960029886856e+08,   2006 MAR 19 00:04:45.560103,   2006 MAR 19 00:04:45.571477,   2006 MAR 19 01:15:23.500000,  2.999961658155e+03, -2.263402474182e+01,  1.587795322187e+02,  9.503503852141e+01,  5.089722222222e+00,  1.263953831106e+02,  5.040869455688e+00, -5.346439809227e+13, -5.346439809227e+13,  1.202143015290e+15,  5.748087883178e+02,  2.437360908321e+02
  1.959987517456e+08,  1.959987517570e+08,  1.960029896856e+08,   2006 MAR 19 00:04:46.560034,   2006 MAR 19 00:04:46.571417,   2006 MAR 19 01:15:24.500000,  2.995890626781e+03, -2.268654960337e+01,  1.587565860029e+02,  9.503479994115e+01,  5.088333333333e+00,  1.263953709691e+02,  5.040870270413e+00, -4.957255625206e+12, -4.957255625206e+12,  1.172932188431e+15,  4.343847262898e+02,  2.437360908321e+02
  1.959987527456e+08,  1.959987527570e+08,  1.960029906856e+08,   2006 MAR 19 00:04:47.559965,   2006 MAR 19 00:04:47.571358,   2006 MAR 19 01:15:25.500000,  2.991822233798e+03, -2.273921415676e+01,  1.587335606207e+02,  9.503455576083e+01,  5.086666666667e+00,  1.263953588275e+02,  5.040871085140e+00,  6.216380950122e+12,  6.216380950122e+12,  1.173561751094e+15,  3.682466937374e+02,  2.437360908321e+02
  1.959987537455e+08,  1.959987537569e+08,  1.960029916856e+08,   2006 MAR 19 00:04:48.559896,   2006 MAR 19 00:04:48.571299,   2006 MAR 19 01:15:26.500000,  2.987756491498e+03, -2.279201884644e+01,  1.587104556425e+02,  9.503430595615e+01,  5.085277777778e+00,  1.263953466860e+02,  5.040871899869e+00, -7.164687229751e+13, -7.164687229751e+13,  1.140846505420e+15,  2.225865526142e+02,  2.437360908321e+02
  1.959987547454e+08,  1.959987547568e+08,  1.960029926856e+08,   2006 MAR 19 00:04:49.559828,   2006 MAR 19 00:04:49.571240,   2006 MAR 19 01:15:27.500000,  2.983693412279e+03, -2.284496413253e+01,  1.586872706636e+02,  9.503405047344e+01,  5.083611111111e+00,  1.263953345444e+02,  5.040872714600e+00, -9.553503320784e+13, -9.553503320784e+13,  1.057255552667e+15,  4.173417055784e+01,  2.437360908321e+02
  1.959987557454e+08,  1.959987557568e+08,  1.960029936856e+08,   2006 MAR 19 00:04:50.559759,   2006 MAR 19 00:04:50.571181,   2006 MAR 19 01:15:28.500000,  2.979633008648e+03, -2.289805046013e+01,  1.586640052529e+02,  9.503378928488e+01,  5.082222222222e+00,  1.263953224028e+02,  5.040873529332e+00,  7.739658458503e+12,  7.739658458503e+12,  1.013357865293e+15, -4.554483513133e+01,  2.437360908321e+02
  1.959987567453e+08,  1.959987567567e+08,  1.960029946856e+08,   2006 MAR 19 00:04:51.559690,   2006 MAR 19 00:04:51.571122,   2006 MAR 19 01:15:29.500000,  2.975575292993e+03, -2.295127829482e+01,  1.586406589991e+02,  9.503352233580e+01,  5.080555555556e+00,  1.263953102612e+02,  5.040874344067e+00, -1.114281887271e+14, -1.114281887271e+14,  9.615136001583e+14, -1.387022378202e+02,  2.437360908321e+02
  1.959987577452e+08,  1.959987577567e+08,  1.960029956856e+08,   2006 MAR 19 00:04:52.559621,   2006 MAR 19 00:04:52.571063,   2006 MAR 19 01:15:30.500000,  2.971520277579e+03, -2.300464809852e+01,  1.586172314894e+02,  9.503324957183e+01,  5.079166666667e+00,  1.263952981196e+02,  5.040875158804e+00, -6.417136627949e+13, -6.417136627949e+13,  8.737138226549e+14, -2.171894396960e+02,  2.437360908321e+02
  1.959987587451e+08,  1.959987587566e+08,  1.960029966856e+08,   2006 MAR 19 00:04:53.559552,   2006 MAR 19 00:04:53.571004,   2006 MAR 19 01:15:31.500000,  2.967467975222e+03, -2.305816032013e+01,  1.585937222738e+02,  9.503297097299e+01,  5.077500000000e+00,  1.263952859780e+02,  5.040875973542e+00,  4.396372559815e+13,  4.396372559815e+13,  8.636100023143e+14, -1.336684174470e+02,  2.437360908321e+02
  1.959987597451e+08,  1.959987597565e+08,  1.960029976856e+08,   2006 MAR 19 00:04:54.559483,   2006 MAR 19 00:04:54.570945,   2006 MAR 19 01:15:32.500000,  2.963418397879e+03, -2.311181543129e+01,  1.585701309398e+02,  9.503268647621e+01,  5.076111111111e+00,  1.263952738363e+02,  5.040876788283e+00, -6.084304910701e+12, -6.084304910701e+12,  8.825497126580e+14, -1.032963910445e+02,  2.437360908321e+02
  1.959987607450e+08,  1.959987607565e+08,  1.960029986856e+08,   2006 MAR 19 00:04:55.559415,   2006 MAR 19 00:04:55.570886,   2006 MAR 19 01:15:33.500000,  2.959371559299e+03, -2.316561388240e+01,  1.585464570448e+02,  9.503239604992e+01,  5.074444444444e+00,  1.263952616947e+02,  5.040877603026e+00, -1.699466992769e+14, -1.699466992769e+14,  7.945342105642e+14, -3.370635239961e+02,  2.437360908321e+02
  1.959987617449e+08,  1.959987617564e+08,  1.960029996856e+08,   2006 MAR 19 00:04:56.559346,   2006 MAR 19 00:04:56.570827,   2006 MAR 19 01:15:34.500000,  2.955327471304e+03, -2.321955614871e+01,  1.585227001562e+02,  9.503209964203e+01,  5.072777777778e+00,  1.263952495530e+02,  5.040878417770e+00, -9.770988673122e+13, -9.770988673122e+13,  6.607059175601e+14, -5.953309609450e+02,  2.437360908321e+02
  1.959987627449e+08,  1.959987627564e+08,  1.960030006856e+08,   2006 MAR 19 00:04:57.559277,   2006 MAR 19 00:04:57.570768,   2006 MAR 19 01:15:35.500000,  2.951286147399e+03, -2.327364267937e+01,  1.584988598496e+02,  9.503179720110e+01,  5.071388888889e+00,  1.263952374113e+02,  5.040879232517e+00, -7.759029672467e+13, -7.759029672467e+13,  5.730558258322e+14, -6.456731284632e+02,  2.437360908321e+02
  1.959987637448e+08,  1.959987637563e+08,  1.960030016856e+08,   2006 MAR 19 00:04:58.559208,   2006 MAR 19 00:04:58.570709,   2006 MAR 19 01:15:36.500000,  2.947247599752e+03, -2.332787395510e+01,  1.584749356578e+02,  9.503148869757e+01,  5.069722222222e+00,  1.263952252697e+02,  5.040880047265e+00, -3.645299917934e+12, -3.645299917934e+12,  5.324380275109e+14, -5.756149058540e+02,  2.437360908321e+02
  1.959987647447e+08,  1.959987647562e+08,  1.960030026856e+08,   2006 MAR 19 00:04:59.559139,   2006 MAR 19 00:04:59.570650,   2006 MAR 19 01:15:37.500000,  2.943211841320e+03, -2.338225043237e+01,  1.584509271444e+02,  9.503117408239e+01,  5.068055555556e+00,  1.263952131279e+02,  5.040880862015e+00, -6.425061238722e+13, -6.425061238722e+13,  4.984900713583e+14, -5.591428158319e+02,  2.437360908321e+02
  1.959987657447e+08,  1.959987657562e+08,  1.960030036856e+08,   2006 MAR 19 00:05:00.559070,   2006 MAR 19 00:05:00.570590,   2006 MAR 19 01:15:38.500000,  2.939178885688e+03, -2.343677258361e+01,  1.584268338716e+02,  9.503085329935e+01,  5.066666666667e+00,  1.263952009862e+02,  5.040881676768e+00, -6.665439718632e+13, -6.665439718632e+13,  4.330375665715e+14, -6.267463205027e+02,  2.437360908321e+02
  1.959987667446e+08,  1.959987667561e+08,  1.960030046856e+08,   2006 MAR 19 00:05:01.559002,   2006 MAR 19 00:05:01.570531,   2006 MAR 19 01:15:39.500000,  2.935148745440e+03, -2.349144087256e+01,  1.584026553769e+02,  9.503052631357e+01,  5.065000000000e+00,  1.263951888445e+02,  5.040882491522e+00, -6.228708139750e+13, -6.228708139750e+13,  3.685668272796e+14, -6.432926071789e+02,  2.437360908321e+02
  1.959987677445e+08,  1.959987677561e+08,  1.960030056856e+08,   2006 MAR 19 00:05:02.558933,   2006 MAR 19 00:05:02.570472,   2006 MAR 19 01:15:40.500000,  2.931121433817e+03, -2.354625577557e+01,  1.583783912194e+02,  9.503019306505e+01,  5.063333333333e+00,  1.263951767027e+02,  5.040883306279e+00,  3.813476813822e+13,  3.813476813822e+13,  3.564906706500e+14, -5.082130000917e+02,  2.437360908321e+02
  1.959987687445e+08,  1.959987687560e+08,  1.960030066856e+08,   2006 MAR 19 00:05:03.558864,   2006 MAR 19 00:05:03.570413,   2006 MAR 19 01:15:41.500000,  2.927096963784e+03, -2.360121776334e+01,  1.583540409367e+02,  9.502985351103e+01,  5.061666666667e+00,  1.263951645610e+02,  5.040884121037e+00,  4.016873988113e+13,  4.016873988113e+13,  3.956424246597e+14, -3.470438298819e+02,  2.437360908321e+02
  1.959987697444e+08,  1.959987697559e+08,  1.960030076856e+08,   2006 MAR 19 00:05:04.558795,   2006 MAR 19 00:05:04.570354,   2006 MAR 19 01:15:42.500000,  2.923075348519e+03, -2.365632730060e+01,  1.583296040578e+02,  9.502950761623e+01,  5.060000000000e+00,  1.263951524192e+02,  5.040884935797e+00, -3.648821969270e+13, -3.648821969270e+13,  3.974826847539e+14, -3.401131933174e+02,  2.437360908321e+02
  1.959987707443e+08,  1.959987707559e+08,  1.960030086856e+08,   2006 MAR 19 00:05:05.558726,   2006 MAR 19 00:05:05.570295,   2006 MAR 19 01:15:43.500000,  2.919056601962e+03, -2.371158486011e+01,  1.583050801184e+02,  9.502915533364e+01,  5.058611111111e+00,  1.263951402774e+02,  5.040885750559e+00, -2.040751613620e+14, -4.307881637509e+13,  3.576991667200e+14, -4.451909535996e+02,  2.437360908321e+02
  1.959987717443e+08,  1.959987717558e+08,  1.960030096856e+08,   2006 MAR 19 00:05:06.558657,   2006 MAR 19 00:05:06.570236,   2006 MAR 19 01:15:44.500000,  2.915040736482e+03, -2.376699093214e+01,  1.582804686707e+02,  9.502879659301e+01,  5.056944444444e+00,  1.263951281356e+02,  5.040886565324e+00, -4.966941305748e+13, -4.966941305748e+13,  3.113250520037e+14, -4.460829051824e+02,  2.437360908321e+02
  1.959987727442e+08,  1.959987727558e+08,  1.960030106856e+08,   2006 MAR 19 00:05:07.558589,   2006 MAR 19 00:05:07.570177,   2006 MAR 19 01:15:45.500000,  2.911027766126e+03, -2.382254597934e+01,  1.582557692304e+02,  9.502843136300e+01,  5.055277777778e+00,  1.263951159938e+02,  5.040887380090e+00,  1.264584490464e+14,  1.264584490464e+14,  3.497195699981e+14, -3.205150918683e+02,  2.437360908321e+02
  1.959987737441e+08,  1.959987737557e+08,  1.960030116856e+08,   2006 MAR 19 00:05:08.558520,   2006 MAR 19 00:05:08.570118,   2006 MAR 19 01:15:46.500000,  2.907017704301e+03, -2.387825047993e+01,  1.582309813327e+02,  9.502805958705e+01,  5.053611111111e+00,  1.263951038520e+02,  5.040888194858e+00, -1.149061942450e+14, -1.149061942450e+14,  3.554956973988e+14, -3.754283957411e+02,  2.437360908321e+02
  1.959987747440e+08,  1.959987747557e+08,  1.960030126856e+08,   2006 MAR 19 00:05:09.558451,   2006 MAR 19 00:05:09.570059,   2006 MAR 19 01:15:47.500000,  2.903010564329e+03, -2.393410491248e+01,  1.582061044842e+02,  9.502768122982e+01,  5.051944444444e+00,  1.263950917101e+02,  5.040889009628e+00, -1.080030176296e+14, -1.080030176296e+14,  2.440410914615e+14, -6.428786862226e+02,  2.437360908321e+02
  1.959987757440e+08,  1.959987757556e+08,  1.960030136856e+08,   2006 MAR 19 00:05:10.558382,   2006 MAR 19 00:05:10.570000,   2006 MAR 19 01:15:48.500000,  2.899006360129e+03, -2.399010975521e+01,  1.581811382232e+02,  9.502729622663e+01,  5.050277777778e+00,  1.263950795683e+02,  5.040889824400e+00, -7.826828833391e+13, -7.826828833391e+13,  1.509054384797e+14, -8.384992149414e+02,  2.437360908321e+02
  1.959987767439e+08,  1.959987767555e+08,  1.960030146856e+08,   2006 MAR 19 00:05:11.558313,   2006 MAR 19 00:05:11.569941,   2006 MAR 19 01:15:49.500000,  2.895005105288e+03, -2.404626548683e+01,  1.581560820505e+02,  9.502690454149e+01,  5.048611111111e+00,  1.263950674264e+02,  5.040890639174e+00, -1.060923171461e+14, -1.060923171461e+14,  5.872513573969e+13, -9.565442685114e+02,  2.437360908321e+02
  1.959987777438e+08,  1.959987777555e+08,  1.960030156856e+08,   2006 MAR 19 00:05:12.558244,   2006 MAR 19 00:05:12.569881,   2006 MAR 19 01:15:50.500000,  2.891006813283e+03, -2.410257259491e+01,  1.581309354938e+02,  9.502650610947e+01,  5.046944444444e+00,  1.263950552845e+02,  5.040891453950e+00, -1.125112150301e+14, -1.125112150301e+14, -5.057663034842e+13, -1.071599321157e+03,  2.437360908321e+02
  1.959987787438e+08,  1.959987787554e+08,  1.960030166856e+08,   2006 MAR 19 00:05:13.558176,   2006 MAR 19 00:05:13.569822,   2006 MAR 19 01:15:51.500000,  2.887011498039e+03, -2.415903156052e+01,  1.581056980596e+02,  9.502610088334e+01,  5.045277777778e+00,  1.263950431427e+02,  5.040892268728e+00, -7.044057921238e+13, -7.044057921238e+13, -1.420525274697e+14, -1.069092682511e+03,  2.437360908321e+02
  1.959987797437e+08,  1.959987797554e+08,  1.960030176856e+08,   2006 MAR 19 00:05:14.558107,   2006 MAR 19 00:05:14.569763,   2006 MAR 19 01:15:52.500000,  2.883019173602e+03, -2.421564285255e+01,  1.580803692296e+02,  9.502568883832e+01,  5.043611111111e+00,  1.263950310007e+02,  5.040893083508e+00,  3.377625776753e+13,  3.377625776753e+13, -1.603846881921e+14, -9.411839655657e+02,  2.437360908321e+02
  1.959987807436e+08,  1.959987807553e+08,  1.960030186856e+08,   2006 MAR 19 00:05:15.558038,   2006 MAR 19 00:05:15.569704,   2006 MAR 19 01:15:53.500000,  2.879029853606e+03, -2.427240697360e+01,  1.580549485386e+02,  9.502526988917e+01,  5.041944444444e+00,  1.263950188588e+02,  5.040893898290e+00, -7.105693442823e+13, -7.105693442823e+13, -1.790250265225e+14, -9.120493038166e+02,  2.437360908321e+02
  1.959987817436e+08,  1.959987817552e+08,  1.960030196856e+08,   2006 MAR 19 00:05:16.557969,   2006 MAR 19 00:05:16.569645,   2006 MAR 19 01:15:54.500000,  2.875043552136e+03, -2.432932440305e+01,  1.580294354791e+02,  9.502484399238e+01,  5.040277777778e+00,  1.263950067169e+02,  5.040894713074e+00, -1.035740669826e+14, -1.035740669826e+14, -2.663405272279e+14, -8.286181700524e+02,  2.437360908321e+02
